"",logFC,AveExpr,t,P.Value,adj.P.Val,B
291_243.182988,1.322,2.3315e-16,4.476,3.0138e-05,0.019401,2.2672
910_308.091179,-1.211,-3.9413e-16,-4.3252,5.1658e-05,0.019401,1.7912
1028_477.204748,1.1968,-3.969e-16,4.2732,6.2095e-05,0.019401,1.6288
1024_371.290525,1.2399,-3.3862e-16,4.2616,6.467e-05,0.019401,1.5929
620_239.105917,1.1717,-5.1452e-16,4.1458,9.6956e-05,0.023269,1.2359
1413_221.169881,1.0977,-4.2744e-16,3.9302,0.00020297,0.032384,0.58616
962_241.031221,1.0837,4.3854e-16,3.8801,0.00024021,0.032384,0.4383
303_486.317399,1.0917,-1.36e-16,3.8454,0.00026978,0.032384,0.33651
993_311.028663,1.0612,-6.4948e-16,3.8309,0.00028318,0.032384,0.29399
1482_471.30657,1.0614,-1.3878e-17,3.8011,0.00031269,0.032384,0.20714
1246_595.226803,1.0478,6.2728e-16,3.7765,0.00033919,0.032384,0.13591
1795_573.632578,-1.0402,-6.3838e-16,-3.7533,0.00036625,0.032384,0.068705
1152_425.373854,-1.067,-1.2351e-16,-3.7368,0.0003866,0.032384,0.021394
1232_198.148939,1.0594,-4.3437e-16,3.7278,0.0003983,0.032384,-0.0046802
968_372.250997,-1.0448,-7.6952e-16,-3.7122,0.00041922,0.032384,-0.049447
327_401.275885,1.0383,-4.1356e-16,3.6698,0.0004814,0.032384,-0.17032
222_338.023041,1.035,5.9119e-16,3.6679,0.00048445,0.032384,-0.17585
1100_627.101298,1.0451,7.3275e-16,3.667,0.00048576,0.032384,-0.17821
990_240.105488,1.0179,7.7438e-16,3.6354,0.00053826,0.033996,-0.26782
1174_223.074796,-1.0209,1.5543e-16,-3.6044,0.00059489,0.034829,-0.3551
301_542.379934,1.0202,-3.1919e-16,3.5844,0.0006345,0.034829,-0.41132
50_296.258502,0.98916,-3.3862e-16,3.56,0.00068621,0.034829,-0.4796
241_167.070335,-0.99834,1.7451e-16,-3.551,0.00070605,0.034829,-0.50444
2005_534.665307,-0.98184,-5.218e-16,-3.5412,0.00072859,0.034829,-0.53181
1139_171.026459,-0.9893,-8.063e-16,-3.5313,0.00075207,0.034829,-0.55943
1155_263.086966,0.97898,-5.0515e-16,3.5302,0.00075463,0.034829,-0.56238
866_262.091934,0.995,1.4988e-16,3.5047,0.00081819,0.036364,-0.63277
982_197.126131,-0.96984,-3.1641e-16,-3.4716,0.00090847,0.036502,-0.7238
1007_531.257466,-1.0069,4.1633e-18,-3.4715,0.00090896,0.036502,-0.72426
1136_521.335297,1.0179,2.5535e-16,3.4702,0.00091254,0.036502,-0.72768
1118_185.042121,-0.9601,5.0793e-16,-3.4458,0.00098549,0.038148,-0.79451
1183_184.073397,-0.9594,8.063e-16,-3.4183,0.0010741,0.038622,-0.86931
733_338.232682,-0.9615,1.5769e-16,-3.4063,0.001115,0.038622,-0.90175
1042_625.097675,0.96719,2.9976e-16,3.3999,0.0011378,0.038622,-0.91924
287_307.224452,0.93852,3.4417e-16,3.3902,0.0011724,0.038622,-0.94529
619_239.105676,0.96224,-4.3715e-16,3.3839,0.0011957,0.038622,-0.96231
1006_103.621283,-0.95291,-6.3595e-16,-3.3768,0.0012223,0.038622,-0.98138
1093_103.591393,-0.97994,4.0536e-16,-3.3766,0.001223,0.038622,-0.98193
1057_290.172762,-0.94025,-3.4001e-16,-3.3522,0.0013192,0.040591,-1.0475
2007_526.348585,0.92174,3.7748e-16,3.3317,0.0014054,0.041525,-1.1023
2103_241.25269,-0.93686,-8.1671e-16,-3.3286,0.0014188,0.041525,-1.1105
334_277.119974,-0.93138,6.7472e-16,-3.3156,0.0014765,0.042185,-1.145
235_487.231212,-0.95668,-4.3342e-16,-3.29,0.0015972,0.04358,-1.213
1675_183.099241,-0.92263,-1.5682e-16,-3.2891,0.0016011,0.04358,-1.2152
49_280.263588,0.93715,0,3.2824,0.0016343,0.04358,-1.2329
975_470.072365,-0.94207,2.8866e-16,-3.2618,0.0017406,0.045407,-1.2873
234_500.333037,0.96662,-3.9482e-16,3.2477,0.0018165,0.04638,-1.3242
313_544.966816,-0.92387,7.7716e-16,-3.2305,0.0019134,0.047836,-1.3691
1078_318.143723,0.90891,-6.3283e-16,3.1845,0.0021979,0.053086,-1.4885
1064_470.076145,0.90789,-1.7208e-16,3.1824,0.0022119,0.053086,-1.494
1220_556.248406,-0.89914,6.5503e-16,-3.1717,0.0022838,0.053736,-1.5216
1016_443.205061,-0.9231,1.4988e-16,-3.1565,0.0023898,0.055148,-1.5606
649_333.167986,-0.91686,-4.3299e-16,-3.1458,0.0024669,0.055365,-1.5879
196_645.164549,0.92176,-2.5535e-16,3.1425,0.0024914,0.055365,-1.5965
225_224.128204,-0.88589,8.1601e-16,-3.125,0.0026242,0.056835,-1.6411
150_216.102954,0.91695,5.4956e-16,3.1186,0.0026747,0.056835,-1.6575
98_282.279239,0.88661,2.498e-17,3.1114,0.0027323,0.056835,-1.6758
218_323.086095,0.89839,4.4964e-16,3.1095,0.002747,0.056835,-1.6804
1025_572.436723,0.93318,-1.3392e-16,3.0685,0.0031001,0.063053,-1.7842
1043_341.243583,0.88037,5.4401e-16,2.9854,0.0039466,0.078932,-1.9909
1050_339.216687,-0.82823,-3.3307e-16,-2.9231,0.0047175,0.092803,-2.1432
1319_299.273418,-0.82905,5.107e-16,-2.9098,0.0048984,0.093306,-2.1752
884_628.090908,0.8736,-6.3283e-16,2.9098,0.0048986,0.093306,-2.1753
779_243.159181,-0.82417,5.1966e-16,-2.8882,0.0052071,0.096735,-2.2273
804_261.037087,0.85325,5.565e-16,2.8839,0.0052709,0.096735,-2.2376
976_217.047216,-0.82035,-1.7625e-16,-2.8806,0.0053204,0.096735,-2.2456
1060_298.164995,-0.82814,6.4497e-16,-2.875,0.0054053,0.096811,-2.259
1383_197.114905,-0.81211,-2.0817e-18,-2.8456,0.0058701,0.10359,-2.3291
1158_205.068343,0.82797,5.8564e-16,2.8272,0.0061796,0.10747,-2.3727
706_279.04766,0.82373,7.4107e-16,2.7998,0.0066681,0.11277,-2.4372
188_559.28663,0.84352,1.3878e-18,2.7995,0.0066724,0.11277,-2.4378
1029_323.219369,0.78539,3.6637e-16,2.7568,0.0075062,0.12002,-2.5374
696_203.127868,0.78105,-5.3846e-16,2.7566,0.0075111,0.12002,-2.538
214_253.107146,-0.79255,1.6358e-16,-2.756,0.0075232,0.12002,-2.5393
612_301.177129,-0.78135,7.0499e-16,-2.7535,0.0075757,0.12002,-2.5452
337_273.167333,0.79237,5.0099e-16,2.7493,0.0076621,0.12002,-2.5548
956_283.102842,0.80765,1.6445e-16,2.7417,0.0078237,0.12002,-2.5724
1240_182.078841,0.79526,-1.7139e-16,2.7397,0.0078664,0.12002,-2.577
229_547.345327,0.84352,-2.4286e-18,2.7381,0.0079013,0.12002,-2.5807
924_323.057736,-0.79549,-7.7438e-16,-2.732,0.0080327,0.12049,-2.5946
181_481.240828,0.8054,-5.8356e-16,2.7235,0.008222,0.12109,-2.6143
972_241.110343,0.78427,-6.5989e-16,2.7211,0.0082748,0.12109,-2.6197
645_244.190485,0.77719,6.6752e-16,2.7052,0.00864,0.12492,-2.6561
1002_255.859836,0.77042,-6.8764e-16,2.698,0.0088096,0.12585,-2.6725
826_318.969947,0.82471,-4.8649e-16,2.6899,0.0090062,0.12663,-2.6911
280_528.410692,0.82463,3.8858e-16,2.6841,0.0091463,0.12663,-2.7041
839_379.191441,0.78694,2.7877e-16,2.6814,0.0092143,0.12663,-2.7103
1083_289.177512,0.76908,-6.6822e-16,2.6785,0.0092865,0.12663,-2.7169
611_299.043931,0.79198,-4.3993e-16,2.6617,0.0097162,0.12911,-2.7549
299_198.097293,0.76851,-6.4115e-16,2.6579,0.009816,0.12911,-2.7635
185_265.888636,0.76691,1.6376e-16,2.6548,0.0098978,0.12911,-2.7705
927_308.185731,-0.76732,5.1539e-16,-2.6547,0.0098983,0.12911,-2.7705
1106_354.086206,0.76114,-5.107e-16,2.641,0.010267,0.13143,-2.8012
898_562.276614,0.79456,4.1495e-16,2.64,0.010295,0.13143,-2.8035
921_385.292527,-0.75073,-2.7756e-18,-2.6181,0.010914,0.13579,-2.8525
231_503.319054,0.80918,-3.5735e-16,2.6154,0.010992,0.13579,-2.8584
890_654.253316,0.7728,-5.6621e-16,2.6127,0.011072,0.13579,-2.8646
873_277.053046,0.76433,6.1617e-16,2.6121,0.011089,0.13579,-2.8658
249_562.778176,0.77352,-2.9334e-16,2.6064,0.011257,0.13645,-2.8784
941_323.128839,0.7553,7.9355e-16,2.5969,0.011544,0.13852,-2.8995
190_377.005272,0.78469,3.9864e-16,2.5824,0.011993,0.14249,-2.9314
1157_103.641223,0.73489,1.8319e-16,2.5445,0.013246,0.1556,-3.0144
1065_716.157414,-0.75848,7.0777e-16,-2.5413,0.013355,0.1556,-3.0213
1045_295.188082,-0.72646,7.043e-16,-2.5329,0.013651,0.15752,-3.0396
999_299.167642,0.73979,-5.8634e-16,2.5046,0.014689,0.16788,-3.1006
1129_103.581439,-0.7176,3.4417e-16,-2.4987,0.014915,0.16885,-3.1132
1005_326.126226,0.729,7.6883e-16,2.4829,0.015532,0.17419,-3.147
1311_225.073429,0.71424,-6.7168e-16,2.4721,0.015967,0.17741,-3.1699
854_277.2163,-0.71803,-3.2682e-16,-2.4592,0.016504,0.1817,-3.1973
153_709.470666,0.74945,5.0836e-16,2.438,0.017417,0.1895,-3.2419
1008_277.177514,0.71973,-4.368e-16,2.4355,0.017529,0.1895,-3.2472
1156_343.131535,-0.70927,-2.9646e-16,-2.4212,0.018173,0.19471,-3.2771
1221_103.586427,0.70635,-1.4433e-16,2.4173,0.018351,0.19488,-3.2851
1230_269.283993,-0.69168,-6.8834e-16,-2.3874,0.019782,0.20823,-3.3471
1364_288.180654,0.68887,-1.8353e-16,2.3651,0.020918,0.21827,-3.3931
904_203.888398,0.69528,-2.9976e-16,2.3615,0.021107,0.21834,-3.4005
737_201.148603,0.67696,1.5821e-16,2.3407,0.022221,0.22791,-3.4428
1026_361.146989,0.67876,-1.5682e-16,2.3301,0.022808,0.23109,-3.4642
640_305.247023,0.6797,-3.1919e-16,2.328,0.022929,0.23109,-3.4686
969_349.162254,0.66723,-1.9637e-16,2.3248,0.023109,0.23109,-3.475
909_123.044177,-0.68468,7.664e-16,-2.3148,0.023682,0.23366,-3.4951
211_467.240453,-0.67283,6.67e-16,-2.3136,0.023755,0.23366,-3.4976
207_421.232635,0.65682,1.249e-17,2.2905,0.025135,0.24522,-3.5438
1001_495.241182,0.70431,-4.9405e-16,2.2803,0.025762,0.24931,-3.564
606_311.186042,0.66555,4.6629e-16,2.2631,0.02686,0.25786,-3.598
732_170.117621,0.67051,2.9976e-16,2.2529,0.027532,0.26218,-3.6182
691_316.211948,0.69192,-3.8233e-16,2.2497,0.027747,0.26218,-3.6245
742_103.601354,0.65212,-5.0585e-16,2.2416,0.028291,0.26523,-3.6403
867_305.601664,-0.66768,-4.545e-16,-2.229,0.029156,0.27122,-3.6649
1126_265.216305,-0.647,-5.0099e-16,-2.2239,0.029516,0.27246,-3.6748
3970_556.279397,0.67551,1.4433e-16,2.2196,0.029818,0.27315,-3.6831
698_403.028814,0.68253,-1.2282e-16,2.2144,0.030193,0.27449,-3.6933
888_267.120396,-0.63822,-6.8417e-16,-2.1951,0.03161,0.28521,-3.7305
236_326.23268,-0.63775,-6.7099e-16,-2.1903,0.031972,0.28631,-3.7397
1021_178.963806,-0.65546,4.2188e-16,-2.1822,0.032595,0.28974,-3.7553
734_231.159176,-0.62926,8.972e-16,-2.1754,0.03312,0.29223,-3.7683
1103_265.104744,0.62934,-3.6082e-16,2.1623,0.034158,0.29919,-3.7932
780_304.15203,-0.60628,1.8111e-16,-2.1041,0.03911,0.34009,-3.9023
935_517.371163,0.6187,6.9389e-18,2.1,0.039487,0.34089,-3.91
199_331.167108,0.61399,-6.8001e-16,2.094,0.04003,0.34151,-3.921
963_357.27489,0.62765,-1.6376e-16,2.089,0.040491,0.34151,-3.9301
195_339.227936,0.60423,-5.2597e-16,2.0745,0.041864,0.34151,-3.9568
845_329.243582,0.61962,4.4686e-16,2.0716,0.042145,0.34151,-3.9622
73_302.1963,0.65154,-1.223e-16,2.0707,0.042226,0.34151,-3.9637
1062_493.22561,0.60783,-6.5989e-16,2.0675,0.042539,0.34151,-3.9696
1369_556.395608,0.61542,-5.5511e-18,2.0606,0.043207,0.34151,-3.9821
1034_207.135641,-0.59154,3.4278e-16,-2.0402,0.045263,0.34151,-4.0192
2_239.106099,0.59559,-6.598e-16,2.0186,0.047513,0.34151,-4.0578
293_456.720235,0.60132,-1.3323e-16,2.0046,0.049035,0.34151,-4.0829
1522_475.364326,0.59555,3.0531e-16,2.0005,0.049481,0.34151,-4.0901
657_265.023181,0.58576,3.5527e-16,1.9999,0.04955,0.34151,-4.0912
105_216.159504,0.58395,-6.866e-16,1.9996,0.049589,0.34151,-4.0918
916_556.280648,0.59718,-1.4572e-17,1.9814,0.051642,0.34151,-4.124
807_277.128278,0.57804,-5.1591e-16,1.9779,0.052033,0.34151,-4.1299
1278_247.176553,0.60175,8.3267e-18,1.9711,0.052826,0.34151,-4.1419
1702_472.301793,0.58,8.2157e-16,1.9614,0.053973,0.34151,-4.1589
835_358.198976,-0.56674,1.7764e-16,-1.9556,0.054663,0.34151,-4.1689
949_208.37296,-0.60809,-1.6653e-17,-1.9536,0.054915,0.34151,-4.1725
66_255.159184,-0.55616,-1.061e-15,-1.9518,0.055128,0.34151,-4.1756
1237_438.928779,0.57483,-3.3862e-16,1.9485,0.055531,0.34151,-4.1813
1092_281.136043,0.56765,-5.2319e-16,1.9433,0.056172,0.34151,-4.1904
1814_358.258878,0.56961,-5.107e-16,1.9335,0.05738,0.34151,-4.2071
1160_360.179999,0.57984,-1.3045e-16,1.9318,0.057597,0.34151,-4.2101
1399_400.291946,0.58201,6.023e-16,1.9309,0.057706,0.34151,-4.2116
1745_397.230962,0.56971,8.1046e-16,1.9297,0.057857,0.34151,-4.2137
1014_325.162256,0.56247,-7.0222e-16,1.9202,0.059076,0.34151,-4.23
312_384.204291,0.57099,1.6098e-16,1.9167,0.05952,0.34151,-4.2359
939_483.213612,0.5626,1.6931e-16,1.9135,0.059939,0.34151,-4.2414
192_224.125801,0.57939,4.5033e-16,1.9127,0.060042,0.34151,-4.2428
1853_615.313593,0.56154,6.8279e-16,1.9118,0.060161,0.34151,-4.2443
996_261.847027,0.56268,3.3584e-16,1.91,0.060396,0.34151,-4.2474
258_343.259228,0.56087,5.107e-16,1.9088,0.060556,0.34151,-4.2495
259_293.08441,0.56971,-2.8033e-16,1.9072,0.060762,0.34151,-4.2521
114_261.011325,0.5866,-3.4694e-18,1.9067,0.060829,0.34151,-4.253
216_382.865821,-0.56392,-7.9103e-16,-1.8946,0.06245,0.34151,-4.2736
1435_458.717311,0.55477,-5.0515e-16,1.8825,0.064098,0.34151,-4.294
401_515.332735,0.5514,1.9429e-16,1.8799,0.064453,0.34151,-4.2983
32_187.096558,-0.53742,-1.3878e-18,-1.876,0.064993,0.34151,-4.3048
1190_432.693734,0.55335,6.5781e-16,1.8755,0.06507,0.34151,-4.3057
1406_824.161055,0.55067,7.0777e-16,1.8732,0.065381,0.34151,-4.3094
248_391.125946,0.54771,4.996e-16,1.8669,0.066277,0.34151,-4.3201
2651_655.50332,0.54576,-3.5527e-16,1.8663,0.066366,0.34151,-4.3211
1552_669.009212,0.5449,-1.7764e-16,1.8642,0.066655,0.34151,-4.3245
1256_576.678954,0.54762,-8.743e-16,1.862,0.066968,0.34151,-4.3282
2126_105.406061,0.54431,6.8834e-16,1.8613,0.067068,0.34151,-4.3293
2110_648.044298,0.54288,2.7756e-18,1.8584,0.06749,0.34151,-4.3342
47_359.064934,0.567,1.4884e-16,1.8575,0.067625,0.34151,-4.3358
2129_681.698645,0.54229,-3.525e-16,1.8567,0.067731,0.34151,-4.337
2923_653.823946,0.54232,3.5805e-16,1.8567,0.06774,0.34151,-4.3371
404_598.803432,0.54245,-1.7486e-16,1.8565,0.067763,0.34151,-4.3374
135_318.143723,-0.57453,5.3291e-16,-1.8553,0.067941,0.34151,-4.3394
1084_522.987506,0.54173,-1.9151e-16,1.8546,0.068041,0.34151,-4.3405
2324_718.564391,0.54159,-3.5805e-16,1.8543,0.068079,0.34151,-4.341
1206_421.278465,0.54674,5.1625e-16,1.8539,0.068132,0.34151,-4.3416
2985_613.50071,0.54126,-8.7985e-16,1.8534,0.068213,0.34151,-4.3425
1436_889.044526,0.54107,1.8319e-16,1.8526,0.068322,0.34151,-4.3437
2264_639.172257,0.5411,-7.272e-16,1.8515,0.06849,0.34151,-4.3456
1886_605.223487,0.54109,3.6637e-16,1.8514,0.068502,0.34151,-4.3458
2190_695.031911,0.54059,-3.5805e-16,1.8512,0.068534,0.34151,-4.3462
1856_889.029173,0.5427,8.743e-16,1.8504,0.068643,0.34151,-4.3474
699_360.214614,-0.53212,-6.016e-16,-1.8462,0.069266,0.34151,-4.3544
1689_501.317048,0.53763,-1.8874e-16,1.8431,0.069714,0.34151,-4.3594
2210_742.601707,0.53734,5.5511e-16,1.8409,0.070054,0.34151,-4.3632
2212_634.250545,0.53682,7.2164e-16,1.8389,0.070339,0.34151,-4.3664
2232_628.169307,0.53718,-3.5805e-16,1.8385,0.070408,0.34151,-4.3671
26_210.110147,0.55803,-1.5023e-16,1.8376,0.070538,0.34151,-4.3686
2739_710.409429,0.53487,-1.6653e-17,1.835,0.070932,0.34151,-4.3729
1217_333.115716,0.53568,1.8874e-16,1.8338,0.071104,0.34151,-4.3748
184_362.253793,0.54432,-5.5511e-18,1.8289,0.071841,0.34151,-4.3828
409_615.731408,0.53194,-3.5805e-16,1.8261,0.072272,0.34151,-4.3874
3648_758.526437,0.53178,-3.747e-16,1.8261,0.072275,0.34151,-4.3874
1363_302.196807,0.5335,-3.3029e-16,1.8256,0.072347,0.34151,-4.3882
1144_189.955984,0.53867,-3.2474e-16,1.8254,0.072374,0.34151,-4.3885
339_244.154425,0.53285,-3.636e-16,1.8248,0.07247,0.34151,-4.3895
482_337.125871,0.53096,9.0206e-16,1.8238,0.072625,0.34151,-4.3912
560_572.377859,0.53171,-3.636e-16,1.8229,0.072769,0.34151,-4.3927
300_575.283785,-0.56086,-2.7756e-16,-1.8223,0.072849,0.34151,-4.3936
3026_619.765075,0.5306,-7.1887e-16,1.8223,0.072855,0.34151,-4.3936
2561_688.681771,0.53029,5.4401e-16,1.8219,0.072918,0.34151,-4.3943
2167_700.231452,0.52995,1.7764e-16,1.8208,0.073092,0.34151,-4.3961
1374_416.227961,0.53139,-3.525e-16,1.8189,0.073377,0.34151,-4.3992
2589_607.591925,0.52888,-1.8319e-16,1.8162,0.073789,0.34151,-4.4035
3204_209.126132,0.52828,-5.5511e-16,1.8158,0.073852,0.34151,-4.4042
2825_600.775055,0.52752,-7.4662e-16,1.813,0.074301,0.34151,-4.4088
2076_662.011176,0.52676,-9.2981e-16,1.81,0.074765,0.34151,-4.4137
1473_607.018908,0.52643,3.636e-16,1.8089,0.074933,0.34151,-4.4154
960_289.626724,-0.52107,6.0368e-16,-1.8069,0.075257,0.34151,-4.4187
393_678.213233,0.52455,9.3259e-16,1.8041,0.075695,0.34151,-4.4232
1510_529.348595,0.52386,1.9706e-16,1.8016,0.076085,0.34151,-4.4272
2790_697.489512,0.52315,7.6605e-16,1.8007,0.076235,0.34151,-4.4287
3043_573.799623,0.52312,9.2426e-16,1.8001,0.076322,0.34151,-4.4296
3200_745.39358,0.52273,-5.6344e-16,1.7995,0.076425,0.34151,-4.4306
2786_655.232895,0.52362,-1.3878e-17,1.7988,0.07654,0.34151,-4.4318
694_363.274192,0.52699,3.6915e-16,1.7986,0.076565,0.34151,-4.432
1367_351.225511,0.52139,-1.8041e-16,1.7958,0.077012,0.34151,-4.4365
2317_646.848535,0.52136,-5.7176e-16,1.7957,0.077041,0.34151,-4.4368
1765_204.123113,0.52311,-1.8874e-16,1.795,0.077147,0.34151,-4.4379
1306_332.33193,0.53742,1.7417e-16,1.7945,0.077223,0.34151,-4.4386
2391_640.438349,0.52138,-3.636e-16,1.7942,0.077279,0.34151,-4.4392
418_595.739712,0.52079,5.8564e-16,1.7937,0.077358,0.34151,-4.44
3367_686.851147,0.52064,-2.7756e-18,1.7936,0.07737,0.34151,-4.4401
1668_641.465155,0.52099,-2.7756e-18,1.7934,0.077403,0.34151,-4.4404
3334_100.733993,0.52109,5.3846e-16,1.7928,0.077497,0.34151,-4.4414
1119_292.01756,0.5206,5.6344e-16,1.7927,0.077514,0.34151,-4.4415
3085_641.228262,0.52162,-7.2442e-16,1.7924,0.077564,0.34151,-4.442
2378_606.99341,0.52005,5.6066e-16,1.7919,0.07765,0.34151,-4.4429
3348_698.693076,0.52052,7.6883e-16,1.7918,0.07767,0.34151,-4.4431
3751_593.028724,0.51994,3.7192e-16,1.7913,0.077751,0.34151,-4.4439
275_342.227604,0.51962,-3.9968e-16,1.7905,0.077873,0.34151,-4.4451
1798_800.646117,0.51944,-5.6621e-16,1.7895,0.078029,0.34151,-4.4467
3067_624.989114,0.51916,5.7454e-16,1.7892,0.07808,0.34151,-4.4472
2631_634.526979,0.51911,-5.5789e-16,1.7888,0.078146,0.34151,-4.4478
2445_692.780794,0.51855,5.7454e-16,1.7871,0.078419,0.34151,-4.4505
1792_752.193633,0.5186,-3.8025e-16,1.787,0.07845,0.34151,-4.4508
265_305.070581,0.52252,-1.3878e-17,1.7866,0.078504,0.34151,-4.4513
134_649.413266,0.5433,5.5095e-16,1.7863,0.078553,0.34151,-4.4518
2422_616.96097,0.51827,-3.8025e-16,1.7857,0.078657,0.34151,-4.4528
167_177.007108,0.52024,-2.498e-17,1.785,0.078772,0.34151,-4.454
2515_628.711489,0.51765,3.747e-16,1.7848,0.078798,0.34151,-4.4542
2932_712.840177,0.51853,1.8319e-16,1.7842,0.078906,0.34151,-4.4553
1373_302.195807,0.51948,3.7192e-16,1.7833,0.079047,0.34151,-4.4566
3114_578.29133,0.51715,-9.4647e-16,1.783,0.079092,0.34151,-4.4571
2850_581.817499,0.51653,7.6605e-16,1.7815,0.079342,0.34151,-4.4595
298_513.23066,0.51717,-2.0539e-16,1.7807,0.079477,0.34151,-4.4608
444_811.116813,0.51599,-1.8319e-16,1.7795,0.079669,0.34151,-4.4627
166_528.364321,0.53423,3.067e-16,1.7793,0.079702,0.34151,-4.463
4539_799.151198,0.51525,1.9429e-16,1.7776,0.079987,0.34151,-4.4657
3489_569.655495,0.51579,3.6915e-16,1.7751,0.080402,0.34151,-4.4697
2630_620.056563,0.51429,-3.9968e-16,1.7747,0.080474,0.34151,-4.4704
3513_717.997783,0.51493,3.636e-16,1.7736,0.080661,0.34151,-4.4722
2718_606.375307,0.51326,-7.6883e-16,1.7719,0.080946,0.34151,-4.4749
1228_453.126131,0.51714,-3.4139e-16,1.7717,0.080977,0.34151,-4.4752
3109_729.795173,0.51274,-3.858e-16,1.7703,0.081206,0.34151,-4.4774
1656_651.525471,0.51221,-7.6883e-16,1.7684,0.081531,0.34151,-4.4804
1145_453.368738,0.52258,-5.0238e-16,1.7675,0.081673,0.34151,-4.4818
1817_559.169102,0.51133,5.8009e-16,1.7647,0.082156,0.34151,-4.4863
1704_584.854094,0.51096,9.7422e-16,1.7636,0.082341,0.34151,-4.488
1582_566.339349,0.51048,5.6344e-16,1.7621,0.082591,0.34151,-4.4904
4033_752.320476,0.50946,3.7192e-16,1.7603,0.082898,0.34151,-4.4932
721_257.247247,0.50952,7.7716e-16,1.7595,0.083033,0.34151,-4.4945
1611_597.098356,0.50944,2.1094e-16,1.7591,0.083111,0.34151,-4.4952
2986_611.337784,0.50878,-1.9706e-16,1.7581,0.083273,0.34151,-4.4967
1229_446.266996,0.50862,1.7486e-16,1.7554,0.083749,0.34151,-4.501
3176_587.327144,0.50776,2.1372e-16,1.7554,0.083751,0.34151,-4.5011
3271_819.318652,0.50982,-2.0539e-16,1.7552,0.08378,0.34151,-4.5013
4365_817.288015,0.50745,9.6312e-16,1.7541,0.083964,0.34151,-4.503
4445_477.308965,0.5073,-3.8025e-16,1.754,0.083978,0.34151,-4.5031
3504_606.36821,0.50701,-7.9381e-16,1.7533,0.084106,0.34151,-4.5043
3837_749.696637,0.50806,3.6082e-16,1.753,0.084153,0.34151,-4.5047
4207_184.133275,0.50716,7.7438e-16,1.7522,0.084303,0.34151,-4.5061
183_514.348689,0.52877,-1.5196e-16,1.7518,0.084358,0.34151,-4.5066
1120_383.014099,0.50898,3.7748e-16,1.7515,0.084425,0.34151,-4.5072
1335_327.994236,0.50821,5.7454e-16,1.751,0.084511,0.34151,-4.508
288_322.862665,0.51075,-7.1887e-16,1.7509,0.084528,0.34151,-4.5081
1687_665.081991,0.50575,-7.9936e-16,1.7495,0.084759,0.34151,-4.5102
5024_833.45836,0.50512,-5.8564e-16,1.7476,0.08509,0.34151,-4.5132
1375_544.975929,0.51009,-7.4385e-16,1.7476,0.085101,0.34151,-4.5133
3695_599.862354,0.50322,2.1372e-16,1.7417,0.086135,0.34151,-4.5226
4246_552.719427,0.50329,-3.8858e-16,1.7389,0.086621,0.34151,-4.5269
583_825.361776,0.50235,-7.9936e-16,1.7386,0.086686,0.34151,-4.5274
1276_173.07849,0.50019,7.9659e-16,1.7329,0.087699,0.34151,-4.5363
3744_582.212137,0.50014,9.881e-16,1.7308,0.088067,0.34151,-4.5395
712_387.055685,0.50528,-9.1871e-16,1.7306,0.088108,0.34151,-4.5399
1341_202.986386,0.49912,4.1078e-16,1.7298,0.088257,0.34151,-4.5412
177_318.167676,-0.49221,-2.3592e-16,-1.7298,0.08826,0.34151,-4.5412
467_666.117533,0.49891,6.0785e-16,1.7291,0.088384,0.34151,-4.5423
708_217.143524,0.50641,-7.1436e-16,1.729,0.088401,0.34151,-4.5424
4720_513.364791,0.49944,-7.7993e-16,1.7281,0.088564,0.34151,-4.5438
1771_827.61823,0.49785,-4.0246e-16,1.7249,0.089132,0.34151,-4.5487
4574_549.068555,0.49718,-4.0523e-16,1.7239,0.089326,0.34151,-4.5503
1402_382.967209,0.49788,3.9135e-16,1.7229,0.089498,0.34151,-4.5518
711_361.133162,0.49879,9.7145e-16,1.7228,0.089517,0.34151,-4.552
4102_553.825496,0.49656,-1.0103e-15,1.7221,0.089652,0.34151,-4.5531
4627_556.842813,0.49695,-8.0214e-16,1.7217,0.089722,0.34151,-4.5537
1458_225.018652,0.50171,5.6621e-16,1.7215,0.089748,0.34151,-4.5539
1321_411.181254,0.49552,6.0785e-16,1.7185,0.090314,0.34151,-4.5587
1863_130.965304,0.49605,-7.9936e-16,1.7169,0.090602,0.34151,-4.5612
1898_832.968395,0.49439,-4.1078e-16,1.7153,0.0909,0.34151,-4.5637
1885_837.469886,0.49409,6.245e-16,1.7145,0.091041,0.34151,-4.5648
4080_573.569205,0.49299,-2.7756e-18,1.7114,0.091609,0.34151,-4.5696
5065_327.264318,0.49284,-6.1062e-16,1.711,0.091694,0.34151,-4.5703
4822_894.060279,0.49295,-8.1601e-16,1.7095,0.091962,0.34151,-4.5725
4846_841.422385,0.49253,-8.3267e-18,1.7083,0.092185,0.34151,-4.5743
1975_531.088605,0.49222,-6.023e-16,1.7082,0.092207,0.34151,-4.5745
4777_535.13875,0.491,4.0523e-16,1.7008,0.093601,0.3456,-4.5859
4825_544.576463,0.48975,4.0523e-16,1.6968,0.094361,0.34564,-4.5921
4687_538.763722,0.48882,-2.0262e-16,1.6963,0.094447,0.34564,-4.5928
5427_539.80493,0.48797,4.2188e-16,1.6962,0.094474,0.34564,-4.593
4866_912.436777,0.48815,8.0769e-16,1.6939,0.094917,0.3462,-4.5965
5035_843.687746,0.48659,-6.2728e-16,1.6921,0.095259,0.3464,-4.5993
1937_535.950424,0.48671,6.0785e-16,1.6847,0.096687,0.35027,-4.6105
882_341.266329,-0.47188,1.1196e-15,-1.6835,0.096907,0.35027,-4.6123
1523_496.339867,0.48374,-6.356e-16,1.6813,0.097348,0.3508,-4.6157
5142_553.23446,0.48247,-1.0436e-15,1.6789,0.097812,0.35142,-4.6193
1262_377.141915,0.49416,3.5631e-16,1.6752,0.098539,0.352,-4.6249
670_319.262698,0.48018,-4.2466e-16,1.6726,0.099059,0.352,-4.6289
4976_920.501229,0.48104,6.2728e-16,1.6724,0.099094,0.352,-4.6292
5388_915.394454,0.47935,2.0262e-16,1.6691,0.099747,0.352,-4.6341
5411_313.248676,0.4783,2.1372e-16,1.6666,0.10025,0.352,-4.6379
5187_843.212125,0.47706,8.5626e-16,1.6633,0.10091,0.352,-4.6429
918_229.143535,0.47678,-2.2621e-16,1.6612,0.10133,0.352,-4.646
5423_511.930654,0.47669,4.205e-16,1.6609,0.10139,0.352,-4.6464
15_203.052691,0.50165,-7.5287e-16,1.6595,0.10166,0.352,-4.6485
634_297.240115,-0.46378,-1.1727e-15,-1.6595,0.10168,0.352,-4.6486
1154_319.151689,0.47659,-1.0519e-15,1.6591,0.10174,0.352,-4.6491
1323_287.092463,0.47709,1.0436e-15,1.659,0.10178,0.352,-4.6494
4860_927.087685,0.47493,8.5904e-16,1.6566,0.10225,0.352,-4.6528
1333_360.362573,0.47435,-6.356e-16,1.6543,0.10272,0.352,-4.6563
723_556.279857,-0.48801,-1.7694e-16,-1.6538,0.10283,0.352,-4.6571
717_211.096572,-0.47246,-2.2794e-16,-1.6535,0.10288,0.352,-4.6575
1130_319.172842,0.47562,-1.0519e-15,1.653,0.10299,0.352,-4.6583
933_361.198655,0.47332,2.0817e-16,1.6517,0.10325,0.352,-4.6602
5413_277.980611,0.47203,6.6058e-16,1.6476,0.1041,0.35306,-4.6663
600_538.77242,0.47251,-8.6459e-16,1.6473,0.10415,0.35306,-4.6667
5424_517.921589,0.47111,4.316e-16,1.645,0.10463,0.35334,-4.6702
1123_267.195575,0.47066,2.2343e-16,1.6429,0.10508,0.35334,-4.6734
4988_539.833641,0.47058,-8.7014e-16,1.6427,0.10512,0.35334,-4.6737
1009_272.185738,0.47838,9.1541e-16,1.6351,0.1067,0.35766,-4.6849
1263_372.274565,0.5058,-5.5511e-16,1.6305,0.10767,0.35834,-4.6917
346_442.970406,0.46698,-2.2482e-16,1.6303,0.10771,0.35834,-4.6919
791_265.04726,-0.46066,2.4286e-18,-1.6299,0.1078,0.35834,-4.6926
837_243.047612,-0.46667,2.0817e-18,-1.6252,0.10881,0.36069,-4.6995
831_296.219715,-0.46447,-8.8193e-16,-1.6218,0.10953,0.36203,-4.7045
240_357.147171,0.50605,6.5642e-16,1.6203,0.10984,0.36203,-4.7066
741_175.11902,0.47205,7.4316e-16,1.6177,0.1104,0.36203,-4.7104
782_183.2108,-0.46946,1.9169e-16,-1.6176,0.11042,0.36203,-4.7106
1018_449.199395,0.4741,-9.0761e-16,1.6151,0.11097,0.36284,-4.7143
37_231.206793,-0.46372,5.9414e-18,-1.6134,0.11133,0.3629,-4.7167
5298_532.360412,0.46053,4.5519e-16,1.6122,0.11159,0.3629,-4.7185
750_354.076119,-0.47362,1.7677e-16,-1.6088,0.11234,0.36435,-4.7235
5355_523.871285,0.45849,6.814e-16,1.6056,0.11305,0.36567,-4.7282
252_269.211224,0.46317,5.2527e-16,1.5779,0.11929,0.38481,-4.7682
876_300.289804,-0.46981,3.1572e-16,-1.5722,0.1206,0.388,-4.7763
1972_571.209137,-0.4654,-1.6376e-16,-1.5511,0.12557,0.40291,-4.8062
1419_619.309756,-0.46384,3.2474e-16,-1.5467,0.12662,0.40518,-4.8123
1982_629.824437,-0.45986,8.3267e-18,-1.5314,0.13035,0.41602,-4.8337
1216_449.287424,0.45073,3.5805e-16,1.5267,0.13153,0.41867,-4.8403
2166_599.694374,-0.4556,4.8295e-16,-1.5222,0.13265,0.4207,-4.8466
146_230.175161,0.43523,2.2378e-16,1.5213,0.13287,0.4207,-4.8478
2641_604.231271,-0.45372,5.5511e-18,-1.5164,0.1341,0.42348,-4.8545
783_441.151397,0.46855,3.8858e-16,1.5132,0.13492,0.42496,-4.859
140_320.865613,-0.46821,-1.131e-16,-1.5094,0.13588,0.42686,-4.8642
1191_255.15678,-0.4274,-7.2867e-16,-1.5043,0.13719,0.42889,-4.8712
2337_640.782196,-0.44957,1.6653e-16,-1.5041,0.13724,0.42889,-4.8715
799_557.277413,-0.43445,-4.0801e-16,-1.4985,0.13868,0.43226,-4.8791
1425_603.335686,-0.4464,3.1919e-16,-1.4944,0.13975,0.43447,-4.8847
758_242.211548,-0.42972,-6.2728e-16,-1.49,0.1409,0.4362,-4.8907
661_182.044863,-0.42252,-2.5951e-16,-1.4891,0.14113,0.4362,-4.8918
2649_667.184682,-0.44349,1.8596e-16,-1.4853,0.14214,0.4362,-4.8971
3310_629.426234,-0.4432,6.6336e-16,-1.4849,0.14223,0.4362,-4.8975
3300_719.531794,-0.44293,-6.467e-16,-1.484,0.14248,0.4362,-4.8988
2386_571.920999,-0.44369,1.4988e-16,-1.484,0.14249,0.4362,-4.8988
644_283.154097,-0.42314,-1.1612e-15,-1.4822,0.14295,0.43649,-4.9012
2853_603.944045,-0.44062,6.6613e-16,-1.477,0.14434,0.4396,-4.9082
974_101.435247,0.45398,1.3878e-16,1.4727,0.14551,0.44205,-4.9141
3030_641.728936,-0.43646,-3.3029e-16,-1.4637,0.14793,0.44747,-4.926
745_203.055096,-0.41913,6.7099e-16,-1.4633,0.14804,0.44747,-4.9266
1965_652.350668,-0.43591,-6.7168e-16,-1.46,0.14893,0.44904,-4.9309
1242_692.200413,-0.43432,6.5503e-16,-1.4573,0.14968,0.45017,-4.9346
875_169.085985,-0.41735,-2.1684e-18,-1.4539,0.15064,0.45191,-4.9392
776_122.081211,-0.41195,-2.4494e-16,-1.4488,0.15203,0.45479,-4.9458
1079_493.313623,-0.40696,-2.9421e-16,-1.4477,0.15235,0.45479,-4.9473
3966_796.916496,-0.43044,1.8041e-16,-1.4463,0.15273,0.45479,-4.9491
1462_298.19897,-0.42786,1.6098e-16,-1.4376,0.15518,0.46092,-4.9606
1401_570.2559,-0.43181,3.1641e-16,-1.4355,0.15578,0.46146,-4.9634
2119_668.279809,-0.42634,6.6336e-16,-1.4322,0.15672,0.46146,-4.9677
3638_595.563653,-0.42593,5.0793e-16,-1.4321,0.15675,0.46146,-4.9678
3623_589.303215,-0.42513,-1.7208e-16,-1.4296,0.15747,0.46146,-4.9711
785_658.198954,0.45647,-6.1826e-16,1.4294,0.15752,0.46146,-4.9714
3750_759.49226,-0.42445,-3.4972e-16,-1.428,0.15791,0.46146,-4.9731
3658_589.541243,-0.42445,1.4988e-16,-1.4275,0.15805,0.46146,-4.9738
80_294.170084,-0.40384,1.0131e-15,-1.423,0.15936,0.46172,-4.9797
629_202.180242,0.42942,1.5266e-16,1.4229,0.1594,0.46172,-4.9798
2121_672.379012,-0.42383,1.6931e-16,-1.422,0.15965,0.46172,-4.981
182_196.094497,0.42753,-1.6688e-16,1.4219,0.15968,0.46172,-4.9811
3832_696.08298,-0.42181,6.9111e-16,-1.4199,0.16025,0.46227,-4.9837
3894_788.596391,-0.42134,-1.6653e-16,-1.4185,0.16067,0.46235,-4.9855
1718_590.020751,-0.42053,-5.0793e-16,-1.4161,0.16137,0.46326,-4.9887
1861_889.745377,-0.41984,8.3267e-18,-1.414,0.16199,0.46392,-4.9914
1452_512.681812,-0.4185,5.5511e-18,-1.4074,0.16392,0.46651,-4.9999
1995_652.199566,-0.41879,8.521e-16,-1.4072,0.16397,0.46651,-5.0001
886_111.095277,-0.40783,-8.1185e-16,-1.4069,0.16406,0.46651,-5.0005
1061_474.285065,-0.42056,-4.8295e-16,-1.4039,0.16496,0.46796,-5.0044
2440_631.78034,-0.41497,5.1625e-16,-1.3982,0.16666,0.47088,-5.0117
2052_641.048514,-0.41457,8.3267e-18,-1.3956,0.16744,0.47088,-5.015
4173_799.147832,-0.4139,-3.5527e-16,-1.3955,0.16747,0.47088,-5.0152
2371_684.385153,-0.41434,5.5511e-18,-1.3941,0.16787,0.47088,-5.0169
1481_898.935853,-0.41378,5.2458e-16,-1.3937,0.16798,0.47088,-5.0173
4708_487.293497,-0.41288,-5.3013e-16,-1.3926,0.16834,0.47088,-5.0189
1116_379.193931,-0.42728,-5.5338e-16,-1.3903,0.16901,0.47129,-5.0217
4747_790.376797,-0.41162,-5.3291e-16,-1.3886,0.16953,0.47129,-5.0238
162_205.062468,-0.39522,9.8671e-16,-1.3882,0.16966,0.47129,-5.0244
1127_157.083572,0.41147,5.0012e-16,1.3855,0.17047,0.47244,-5.0278
1073_399.178849,-0.41766,-4.6352e-16,-1.3814,0.17171,0.47479,-5.033
833_443.232963,0.41046,-5.1348e-16,1.3797,0.17224,0.47515,-5.0351
4433_814.265981,-0.40796,8.854e-16,-1.3773,0.173,0.47562,-5.0382
161_281.174836,-0.39397,-7.0222e-16,-1.3766,0.17321,0.47562,-5.0391
4476_790.27925,-0.40656,-5.5511e-18,-1.3731,0.17427,0.47666,-5.0434
1281_327.227915,0.41602,1.5543e-16,1.3728,0.17438,0.47666,-5.0439
2835_593.387314,-0.40572,-8.632e-16,-1.3682,0.1758,0.47945,-5.0496
302_391.209184,-0.40553,-5.2458e-16,-1.3663,0.1764,0.48001,-5.052
1173_235.914624,0.40121,-3.7192e-16,1.3631,0.17741,0.48165,-5.056
992_270.279238,0.41214,1.4554e-16,1.3593,0.17858,0.48319,-5.0607
2948_619.394973,-0.4028,5.3013e-16,-1.3585,0.17884,0.48319,-5.0617
1735_546.332894,-0.4028,-1.1102e-17,-1.357,0.17931,0.48319,-5.0636
937_380.970156,0.42705,3.8858e-16,1.3551,0.17993,0.48319,-5.066
267_606.390386,0.4008,-7.1332e-16,1.3549,0.17999,0.48319,-5.0662
4774_565.136529,-0.4002,-1.1102e-17,-1.3532,0.18053,0.48342,-5.0683
1540_622.524494,-0.4011,-5.1903e-16,-1.3509,0.18126,0.48342,-5.0712
3137_747.407105,-0.4001,1.6653e-16,-1.3508,0.18128,0.48342,-5.0713
897_211.242113,-0.39223,-6.0368e-16,-1.3488,0.18192,0.48404,-5.0737
127_219.135641,-0.38002,1.0672e-15,-1.3416,0.18423,0.48731,-5.0826
1284_345.209491,0.39745,5.1903e-16,1.3399,0.18479,0.48731,-5.0848
646_333.166722,-0.38327,-2.3315e-16,-1.3391,0.18506,0.48731,-5.0858
344_694.562866,-0.39507,5.4956e-16,-1.3365,0.18589,0.48731,-5.0889
1041_193.002039,0.39318,1.7486e-16,1.335,0.18637,0.48731,-5.0907
1282_360.178217,-0.39423,7.1332e-16,-1.3336,0.18682,0.48731,-5.0924
2139_651.59406,-0.39534,5.3568e-16,-1.3333,0.18693,0.48731,-5.0928
5254_515.936517,-0.39373,-7.1332e-16,-1.3332,0.18697,0.48731,-5.093
1267_432.771143,0.39195,-7.3552e-16,1.3318,0.18743,0.48731,-5.0947
753_378.112497,-0.38925,9.7075e-16,-1.33,0.18801,0.48731,-5.0969
93_323.011546,0.40762,1.4849e-16,1.3298,0.18808,0.48731,-5.0971
2484_631.738437,-0.39432,0,-1.329,0.18832,0.48731,-5.098
1080_443.334353,0.39265,5.3846e-16,1.3278,0.18872,0.48731,-5.0995
868_205.086003,-0.38419,-6.2372e-16,-1.3275,0.18883,0.48731,-5.0999
2696_612.453597,-0.39203,-3.4972e-16,-1.3237,0.19009,0.48764,-5.1046
1490_889.038803,0.38836,-5.6621e-16,1.3224,0.19053,0.48764,-5.1062
1867_544.086508,-0.3898,5.4123e-16,-1.3211,0.19093,0.48764,-5.1076
260_476.295607,0.38764,7.5495e-16,1.3205,0.19116,0.48764,-5.1085
155_200.906766,-0.4089,4.1356e-16,-1.32,0.1913,0.48764,-5.109
765_410.102312,-0.38921,-1.8943e-16,-1.3197,0.1914,0.48764,-5.1093
1252_443.29154,0.38599,5.7454e-16,1.3161,0.1926,0.48884,-5.1137
1649_658.928314,-0.38868,5.4401e-16,-1.3159,0.19268,0.48884,-5.114
1325_297.615684,-0.39521,-6.356e-16,-1.3114,0.19418,0.49002,-5.1194
324_574.681929,0.38402,1.6653e-17,1.3109,0.19435,0.49002,-5.12
819_340.096852,-0.38686,3.6117e-16,-1.3083,0.19521,0.49002,-5.1231
1268_385.37894,0.38299,-1.8874e-16,1.3082,0.19527,0.49002,-5.1233
2851_646.099176,-0.38741,5.107e-16,-1.3078,0.19539,0.49002,-5.1237
887_258.170081,0.39414,3.296e-16,1.303,0.19701,0.49002,-5.1294
350_604.324745,0.38048,-7.605e-16,1.3015,0.19753,0.49002,-5.1313
912_355.281978,-0.37218,-1.1546e-15,-1.2966,0.19919,0.49002,-5.1371
981_320.966996,0.40581,5.3846e-16,1.2963,0.19929,0.49002,-5.1374
5275_528.667352,-0.38171,7.2997e-16,-1.2958,0.19948,0.49002,-5.1381
2975_595.596713,-0.38288,-5.5511e-18,-1.2931,0.20041,0.49002,-5.1413
1869_553.556601,-0.37896,5.5789e-16,-1.2867,0.20262,0.49002,-5.1489
400_548.996375,-0.37913,-1.7208e-16,-1.2864,0.20272,0.49002,-5.1492
1846_893.190151,-0.37977,1.7486e-16,-1.2862,0.20277,0.49002,-5.1494
4151_815.57746,-0.37894,-5.3846e-16,-1.2856,0.203,0.49002,-5.1502
1113_561.397176,0.37417,-5.9952e-16,1.2846,0.20333,0.49002,-5.1513
1698_576.854905,-0.37817,-5.4678e-16,-1.2839,0.20358,0.49002,-5.1522
118_199.021387,-0.36599,-7.5183e-16,-1.2835,0.20373,0.49002,-5.1527
3749_537.512113,-0.37795,3.6637e-16,-1.2834,0.20376,0.49002,-5.1528
953_360.883868,0.37308,-1.0075e-15,1.2817,0.20434,0.49002,-5.1547
803_101.751136,-0.37452,2.0262e-16,-1.2784,0.20551,0.49002,-5.1587
617_219.026637,0.39016,5.9119e-16,1.2764,0.20619,0.49002,-5.1609
5467_524.349502,-0.37528,-7.2164e-16,-1.2757,0.20647,0.49002,-5.1619
1467_440.824377,0.37057,1.027e-15,1.275,0.20671,0.49002,-5.1627
1799_558.846898,0.37047,-1.9706e-16,1.2747,0.2068,0.49002,-5.163
915_345.274861,-0.37561,3.5805e-16,-1.2731,0.20735,0.49002,-5.1648
5351_875.773257,-0.37454,-9.2426e-16,-1.2726,0.20753,0.49002,-5.1654
3583_727.380409,-0.37491,0,-1.2726,0.20754,0.49002,-5.1654
1530_889.034379,0.36955,-8.2434e-16,1.2722,0.20767,0.49002,-5.1659
559_558.639948,-0.37486,9.3259e-16,-1.2717,0.20785,0.49002,-5.1665
1384_305.898246,0.36898,-8.1324e-16,1.2707,0.20822,0.49002,-5.1677
246_332.279631,0.36736,4.1911e-16,1.2663,0.20977,0.49002,-5.1728
1715_589.479264,0.36727,4.3299e-16,1.2661,0.20985,0.49002,-5.1731
92_200.947242,0.36293,9.2842e-16,1.2653,0.21014,0.49002,-5.174
1424_226.951584,0.36696,-6.1617e-16,1.2652,0.21015,0.49002,-5.174
1567_547.271228,-0.37194,1.9706e-16,-1.2648,0.2103,0.49002,-5.1745
896_185.431769,-0.36035,7.4524e-16,-1.2638,0.21067,0.49002,-5.1757
136_698.217228,0.4013,-1.1258e-16,1.2631,0.21092,0.49002,-5.1766
815_197.226461,-0.36545,-2.0539e-16,-1.2625,0.21111,0.49002,-5.1772
1516_647.161614,0.36562,-2.7756e-18,1.2616,0.21145,0.49002,-5.1783
1640_654.832203,-0.37091,1.9151e-16,-1.2613,0.21154,0.49002,-5.1786
3439_590.214821,-0.37284,5.3568e-16,-1.2607,0.21176,0.49002,-5.1793
1446_632.350859,0.36525,4.3299e-16,1.2606,0.2118,0.49002,-5.1794
1054_224.948487,0.36523,8.4099e-16,1.2605,0.21183,0.49002,-5.1795
3004_646.063188,-0.37187,-1.6931e-16,-1.2597,0.21214,0.49002,-5.1805
1480_215.948143,0.36466,-2.1094e-16,1.259,0.21238,0.49002,-5.1813
1300_244.91496,0.36405,8.6042e-16,1.2574,0.21297,0.49002,-5.1832
1258_531.386729,0.36368,4.4409e-16,1.2563,0.21334,0.49002,-5.1843
1655_888.32014,0.36315,-8.6042e-16,1.2549,0.21385,0.49002,-5.186
1858_560.091673,-0.36837,-7.605e-16,-1.2516,0.21503,0.49002,-5.1898
838_227.237035,-0.35796,-6.9562e-16,-1.2485,0.21616,0.49002,-5.1933
3544_801.769345,-0.36913,2.7756e-18,-1.2475,0.21654,0.49002,-5.1945
318_454.784215,0.36035,-8.6875e-16,1.2473,0.2166,0.49002,-5.1947
379_706.726365,-0.36675,-7.4107e-16,-1.2469,0.21675,0.49002,-5.1952
1377_269.136042,-0.36771,9.2149e-16,-1.2468,0.21678,0.49002,-5.1953
3409_691.165161,-0.36704,-7.272e-16,-1.2463,0.21698,0.49002,-5.1959
1770_602.882685,0.35997,1.0741e-15,1.2463,0.21698,0.49002,-5.1959
311_272.794791,0.35988,6.5226e-16,1.246,0.21707,0.49002,-5.1962
237_454.282541,0.37467,4.885e-16,1.2446,0.2176,0.49002,-5.1979
2356_387.310629,-0.36561,-1.8319e-16,-1.2445,0.21765,0.49002,-5.198
141_237.11223,-0.3562,-9.4096e-16,-1.2424,0.21839,0.49076,-5.2003
1295_389.994422,0.35753,4.3576e-16,1.2397,0.21941,0.49128,-5.2035
861_429.318723,-0.35621,-1.7347e-18,-1.2384,0.21986,0.49128,-5.2049
1291_556.405497,0.35703,4.3299e-16,1.2383,0.21992,0.49128,-5.2051
4295_876.379417,-0.36369,-3.8303e-16,-1.2374,0.22026,0.49128,-5.2061
1593_580.259004,0.35543,6.8001e-16,1.2339,0.22152,0.4924,-5.21
1159_186.148929,0.35411,9.2149e-16,1.2303,0.22286,0.4924,-5.2141
1932_922.784764,0.35397,8.9651e-16,1.2299,0.22301,0.4924,-5.2146
931_269.17243,-0.35079,-2.4425e-16,-1.2295,0.22318,0.4924,-5.2151
1081_423.220121,-0.38113,-1.5543e-16,-1.2288,0.22342,0.4924,-5.2158
900_256.263589,0.35343,2.1927e-16,1.2285,0.22355,0.4924,-5.2162
4008_764.893407,-0.36186,3.5527e-16,-1.2269,0.22414,0.4924,-5.218
801_309.149583,0.3525,6.8556e-16,1.2259,0.2245,0.4924,-5.2191
3678_566.609631,-0.36001,-3.5805e-16,-1.2238,0.2253,0.4924,-5.2215
1260_544.97825,0.35154,9.1871e-16,1.2233,0.22548,0.4924,-5.222
4193_833.815273,-0.35888,-2.0262e-16,-1.2203,0.2266,0.4924,-5.2254
1308_109.078741,0.35038,-4.6352e-16,1.2201,0.22667,0.4924,-5.2256
1177_120.966155,0.35031,-9.2981e-16,1.22,0.22674,0.4924,-5.2258
1360_296.886385,0.34991,-7.0222e-16,1.2189,0.22715,0.4924,-5.227
1334_313.818448,0.34969,-1.163e-15,1.2183,0.22738,0.4924,-5.2277
61_320.256092,0.34944,9.3259e-16,1.2176,0.22764,0.4924,-5.2285
1743_719.650505,0.34935,4.6629e-16,1.2173,0.22773,0.4924,-5.2288
1259_252.848462,0.34818,-4.7184e-16,1.2141,0.22894,0.49394,-5.2324
1234_319.158147,0.34787,1.1796e-15,1.2133,0.22927,0.49394,-5.2333
1076_559.284171,-0.37943,-5.3291e-16,-1.2106,0.23028,0.4948,-5.2363
170_217.156372,-0.34337,-2.7339e-16,-1.21,0.2305,0.4948,-5.2369
4973_860.127238,-0.35442,-3.747e-16,-1.2077,0.23139,0.49563,-5.2395
793_215.127871,-0.35324,-5.8564e-16,-1.2059,0.2321,0.49563,-5.2416
809_399.358203,-0.34688,-4.5762e-16,-1.2052,0.23235,0.49563,-5.2423
1085_338.901934,0.35182,-8.0214e-16,1.2041,0.23276,0.49563,-5.2435
1694_563.891858,0.34404,-1.2296e-15,1.2028,0.23327,0.49563,-5.245
767_301.14164,0.34396,-1.2129e-15,1.2026,0.23336,0.49563,-5.2452
1382_226.962898,0.34318,-1.2323e-15,1.2005,0.23417,0.4957,-5.2476
638_291.231531,0.34291,9.77e-16,1.1997,0.23445,0.4957,-5.2484
4364_725.416778,-0.35282,-7.3552e-16,-1.1993,0.23463,0.4957,-5.2489
1098_316.994598,0.34169,-2.7756e-18,1.1964,0.23574,0.49646,-5.2521
325_450.243614,0.35416,-3.7192e-16,1.1954,0.23614,0.49646,-5.2532
1508_570.83989,0.34116,7.5218e-16,1.1949,0.23631,0.49646,-5.2537
308_305.147271,0.34084,2.7756e-18,1.1941,0.23665,0.49646,-5.2546
860_463.217403,-0.34039,-4.8971e-16,-1.1919,0.23748,0.49663,-5.257
627_296.222118,-0.3497,6.9389e-19,-1.1912,0.23776,0.49663,-5.2578
4548_892.33825,-0.34935,1.9706e-16,-1.1907,0.23797,0.49663,-5.2584
1170_286.237763,0.33847,1.0242e-15,1.1876,0.23917,0.4973,-5.2617
244_498.308726,0.33845,1.0214e-15,1.1875,0.2392,0.4973,-5.2618
668_161.981373,-0.34941,9.3883e-16,-1.1867,0.23953,0.4973,-5.2627
2073_541.788282,0.33726,5.1487e-16,1.1843,0.24046,0.4978,-5.2653
603_223.132959,-0.33589,-1.0742e-15,-1.183,0.24097,0.4978,-5.2667
28_299.161863,-0.3389,2.38e-16,-1.1829,0.24102,0.4978,-5.2669
1981_541.753928,-0.34507,-7.6605e-16,-1.1795,0.24234,0.49897,-5.2705
1212_263.84408,0.33544,7.9103e-16,1.1793,0.24242,0.49897,-5.2707
667_293.025389,0.33452,2.5813e-16,1.1768,0.2434,0.50015,-5.2735
1185_383.204115,0.35726,4.4964e-16,1.1742,0.24445,0.50145,-5.2763
2981_597.52015,-0.34157,-2.0539e-16,-1.1681,0.24687,0.50554,-5.2829
264_571.236018,0.35416,-3.0115e-16,1.1666,0.2475,0.50554,-5.2845
3012_613.906138,-0.34077,9.9087e-16,-1.166,0.24771,0.50554,-5.2851
827_194.117632,-0.3313,5.2389e-16,-1.1644,0.24837,0.50602,-5.2869
4338_488.793346,-0.34258,5.6066e-16,-1.1598,0.25022,0.50793,-5.2918
59_239.16186,-0.34141,5.6205e-16,-1.1596,0.2503,0.50793,-5.292
829_255.26834,-0.33161,7.2442e-16,-1.1589,0.25058,0.50793,-5.2928
1197_253.216306,-0.3394,-2.7756e-18,-1.1521,0.25336,0.5109,-5.3
656_261.087742,0.34921,6.1617e-16,1.1513,0.25369,0.5109,-5.3009
790_111.460636,-0.33506,-2.0331e-16,-1.1462,0.25577,0.5109,-5.3063
724_225.257764,-0.32669,5.1868e-16,-1.1459,0.25588,0.5109,-5.3066
5373_491.343862,-0.33461,-3.9413e-16,-1.1456,0.25601,0.5109,-5.3069
844_297.08254,-0.32888,7.043e-16,-1.145,0.25626,0.5109,-5.3076
4663_867.972988,-0.33473,9.8255e-16,-1.1442,0.25658,0.5109,-5.3084
256_501.005587,0.3494,-1.4988e-16,1.143,0.25711,0.5109,-5.3097
828_169.195141,-0.32784,2.3748e-16,-1.1425,0.25728,0.5109,-5.3102
1039_376.928554,0.35398,-6.9944e-16,1.1423,0.25739,0.5109,-5.3105
761_105.719239,-0.32558,1.0283e-15,-1.1421,0.25746,0.5109,-5.3107
2240_512.125984,-0.33425,-2.1649e-16,-1.1419,0.25753,0.5109,-5.3108
4956_917.997561,-0.33459,-1.9429e-16,-1.1409,0.25795,0.5109,-5.3119
4623_879.337168,-0.33377,5.8009e-16,-1.1397,0.25846,0.5109,-5.3132
3427_590.101141,-0.33259,6.1062e-16,-1.1394,0.25856,0.5109,-5.3134
5015_765.610848,-0.33315,-3.8303e-16,-1.1377,0.25929,0.5109,-5.3153
452_550.733176,-0.33215,3.969e-16,-1.1368,0.25966,0.5109,-5.3162
5019_960.988703,-0.33279,-3.858e-16,-1.1363,0.25985,0.5109,-5.3167
3478_632.307436,-0.33132,-8.1046e-16,-1.1356,0.26015,0.5109,-5.3175
1996_286.958307,0.33001,-1.9984e-16,1.1343,0.26071,0.5109,-5.3189
1468_382.58531,-0.33451,-7.3275e-16,-1.1332,0.26115,0.5109,-5.32
683_383.116082,0.35076,3.9968e-16,1.1312,0.26198,0.5109,-5.3221
908_242.247936,-0.32999,-8.1324e-16,-1.131,0.26208,0.5109,-5.3223
674_259.205739,-0.32137,-2.7218e-16,-1.1305,0.26226,0.5109,-5.3228
5106_950.611328,-0.32998,6.1062e-16,-1.129,0.26292,0.51134,-5.3244
4613_882.587511,-0.33046,8.3267e-18,-1.127,0.26375,0.51213,-5.3265
4813_853.72673,-0.32708,7.9103e-16,-1.1175,0.26774,0.51905,-5.3363
959_172.096883,-0.31737,1.0334e-15,-1.1133,0.26952,0.52165,-5.3406
689_239.125474,-0.31492,-1.3906e-15,-1.1106,0.2707,0.5231,-5.3435
730_111.058087,-0.31444,2.7756e-16,-1.1092,0.27129,0.52338,-5.3449
726_203.10674,-0.31571,-1.2747e-15,-1.1064,0.27251,0.5249,-5.3478
69_247.130559,-0.31159,-8.2434e-16,-1.0971,0.27651,0.53129,-5.3572
35_331.188077,-0.31387,2.4633e-16,-1.0957,0.27712,0.53129,-5.3587
283_181.0288,0.32441,-3.4972e-16,1.0956,0.27715,0.53129,-5.3587
1304_148.975793,0.32935,-6.7168e-16,1.0939,0.27789,0.53184,-5.3604
204_299.258172,0.3269,-6.7793e-16,1.0924,0.27855,0.53226,-5.362
219_269.138448,-0.31202,-7.494e-16,-1.0912,0.27909,0.53244,-5.3632
160_275.125479,-0.30926,1.3416e-15,-1.0868,0.281,0.53369,-5.3676
5218_527.501653,-0.31828,7.9103e-16,-1.0864,0.28118,0.53369,-5.368
1048_280.995528,0.32102,3.6915e-16,1.0857,0.28148,0.53369,-5.3687
5170_939.687825,-0.3183,5.8009e-16,-1.0843,0.28209,0.53369,-5.3701
812_213.184998,-0.31225,-9.1871e-16,-1.084,0.28224,0.53369,-5.3705
5326_512.065665,-0.3164,1.1102e-17,-1.0836,0.28241,0.53369,-5.3708
1147_103.61631,0.32605,-1.6653e-16,1.0817,0.28327,0.53418,-5.3728
1225_351.177902,-0.31632,-5.9397e-16,-1.081,0.28356,0.53418,-5.3735
701_223.130552,-0.30801,-5.0723e-16,-1.0783,0.28477,0.53561,-5.3762
926_363.177899,-0.30769,-2.498e-16,-1.0763,0.28563,0.53639,-5.3781
116_347.182986,-0.30641,1.3878e-18,-1.0716,0.28772,0.5379,-5.3828
738_185.432193,-0.31191,4.1633e-16,-1.0716,0.28772,0.5379,-5.3828
5264_524.796733,-0.31395,-5.9397e-16,-1.0715,0.28778,0.5379,-5.3829
787_106.423202,-0.30957,-6.6058e-16,-1.07,0.28844,0.53829,-5.3844
1841_770.651275,0.31531,-3.5527e-16,1.0686,0.28908,0.53866,-5.3858
378_480.243792,0.32007,-1.5543e-16,1.0639,0.2912,0.54176,-5.3905
4330_804.872808,-0.30778,4.3299e-16,-1.0594,0.29322,0.54468,-5.3949
609_275.258168,-0.30618,4.3437e-16,-1.0557,0.29489,0.54614,-5.3985
878_192.759782,-0.31116,-3.6637e-16,-1.0556,0.29492,0.54614,-5.3986
911_428.373501,0.31678,-8.2712e-16,1.0529,0.29616,0.5476,-5.4012
139_425.178263,0.3095,-3.6776e-16,1.0492,0.29783,0.54984,-5.4048
152_243.135638,-0.29788,-5.3221e-16,-1.0467,0.29897,0.55109,-5.4072
5439_949.378627,-0.3048,6.245e-16,-1.0451,0.2997,0.55159,-5.4088
79_271.042537,-0.29452,1.3198e-15,-1.0335,0.30509,0.56066,-5.42
250_379.002321,0.3193,-5.218e-16,1.0223,0.31032,0.5694,-5.4307
5_301.177514,0.31964,-6.245e-18,1.0155,0.31352,0.57438,-5.4371
149_213.917208,-0.29111,6.8417e-16,-1.0098,0.3162,0.57841,-5.4424
925_192.97632,-0.30902,-2.9143e-16,-1.0057,0.31818,0.58115,-5.4463
632_232.092094,0.30313,-3.1641e-16,1.0023,0.3198,0.58322,-5.4495
1224_544.969771,0.29884,-7.0499e-16,1.0009,0.32046,0.58355,-5.4508
729_221.117312,-0.2845,2.5188e-16,-0.9957,0.32296,0.58721,-5.4556
1208_187.169329,-0.28629,4.6907e-16,-0.9941,0.32374,0.58772,-5.4571
1711_889.381538,0.29228,-7.5218e-16,0.9898,0.32582,0.59061,-5.461
659_371.326909,-0.28878,-2.1242e-16,-0.98836,0.32652,0.59098,-5.4623
7_245.114907,0.30701,5.4748e-16,0.98298,0.32914,0.59483,-5.4673
1010_194.975125,-0.2985,2.9421e-16,-0.97551,0.3328,0.60055,-5.4741
743_103.730477,-0.27827,7.8271e-16,-0.97394,0.33357,0.60104,-5.4755
966_307.151691,-0.27345,-9.3051e-16,-0.96848,0.33628,0.605,-5.4804
773_313.125872,-0.27547,-2.7062e-16,-0.96572,0.33764,0.60655,-5.4829
798_211.166936,-0.28373,7.7993e-16,-0.96459,0.33821,0.60665,-5.4839
1293_331.193867,0.28457,-9.1316e-16,0.96046,0.34026,0.60831,-5.4876
263_249.109821,0.28186,-3.9135e-16,0.96028,0.34036,0.60831,-5.4878
842_194.102376,-0.29248,1.5404e-16,-0.9593,0.34084,0.60831,-5.4886
221_235.094168,-0.27451,7.5348e-16,-0.95858,0.34121,0.60831,-5.4893
1088_557.276635,0.28711,5.5511e-18,0.957,0.342,0.60831,-5.4907
1184_432.259241,-0.27625,9.1246e-16,-0.95664,0.34218,0.60831,-5.491
851_192.992425,0.27356,-1.2594e-15,0.95523,0.34288,0.60867,-5.4922
1090_271.040126,0.29121,1.5543e-16,0.9455,0.34779,0.61646,-5.5008
1151_346.310537,0.29205,1.3323e-16,0.93965,0.35076,0.62081,-5.506
30_343.295613,-0.27801,7.2581e-16,-0.93649,0.35237,0.62275,-5.5087
1566_338.261006,0.27998,6.8834e-16,0.93532,0.35297,0.62289,-5.5097
103_365.105522,0.2796,-1.6098e-16,0.92805,0.3567,0.62855,-5.516
1255_305.306261,0.27482,7.0777e-16,0.9249,0.35832,0.63048,-5.5188
1146_527.158353,0.27943,-4.7184e-16,0.92226,0.35969,0.63195,-5.521
90_186.112544,-0.26231,6.5919e-18,-0.92007,0.36083,0.6322,-5.5229
1213_490.652292,-0.27943,-4.774e-16,-0.91996,0.36088,0.6322,-5.523
748_341.229943,-0.26418,-9.0448e-16,-0.91309,0.36446,0.63499,-5.5289
697_782.119356,0.26637,6.134e-16,0.91218,0.36493,0.63499,-5.5296
684_241.141125,-0.26423,8.8402e-16,-0.91067,0.36572,0.63499,-5.5309
1484_552.257092,0.2706,-3.636e-16,0.9104,0.36586,0.63499,-5.5311
1307_646.167761,0.26965,-5.5511e-18,0.91033,0.3659,0.63499,-5.5312
769_100.729321,-0.25988,-7.9381e-16,-0.9102,0.36597,0.63499,-5.5313
215_331.284378,-0.27314,-1.6653e-17,-0.9098,0.36618,0.63499,-5.5317
1386_312.920405,-0.27484,-8.0769e-16,-0.90639,0.36796,0.63717,-5.5345
1534_563.03829,0.26559,3.9968e-16,0.90446,0.36898,0.63801,-5.5362
1162_346.603934,0.26807,7.1054e-16,0.90057,0.37103,0.63991,-5.5394
94_211.094166,0.26118,4.4201e-16,0.90035,0.37115,0.63991,-5.5396
1181_348.326174,0.27404,2.9421e-16,0.89747,0.37267,0.64162,-5.542
1033_473.259395,0.27232,-5.5511e-18,0.89645,0.37321,0.64162,-5.5429
817_393.224834,-0.25785,-6.7654e-18,-0.89534,0.3738,0.64172,-5.5438
1104_556.281427,-0.26913,5.5511e-18,-0.89231,0.37541,0.64303,-5.5463
200_245.15129,-0.25403,-1.088e-15,-0.89136,0.37591,0.64303,-5.5471
5392_522.765009,-0.25684,-9.3536e-16,-0.89087,0.37617,0.64303,-5.5475
834_199.09416,-0.25873,-8.5296e-16,-0.88795,0.37773,0.6439,-5.5499
660_240.159514,-0.26326,7.1748e-16,-0.88699,0.37825,0.6439,-5.5507
27_398.232663,-0.26561,5.0918e-16,-0.8869,0.37829,0.6439,-5.5508
718_395.137796,-0.25998,-3.9413e-16,-0.88373,0.37999,0.64588,-5.5534
137_235.130557,-0.2541,-4.7115e-16,-0.88101,0.38145,0.64744,-5.5557
610_289.27382,-0.2522,-9.9781e-16,-0.87986,0.38207,0.64757,-5.5566
669_191.971638,0.26594,1.5543e-16,0.87672,0.38376,0.64806,-5.5592
652_229.927417,0.25864,-3.8372e-16,0.87644,0.38391,0.64806,-5.5594
749_265.179917,-0.25073,5.0931e-16,-0.87577,0.38427,0.64806,-5.5599
1124_125.024753,-0.24922,1.1005e-15,-0.87531,0.38452,0.64806,-5.5603
762_195.099241,-0.24718,-1.2015e-15,-0.87292,0.38581,0.64934,-5.5623
1299_163.118257,-0.26198,1.6653e-16,-0.8681,0.38843,0.65282,-5.5662
980_388.274392,0.26717,-7.383e-16,0.86665,0.38921,0.65323,-5.5673
1198_156.362178,-0.24752,2.5258e-16,-0.86348,0.39094,0.65471,-5.5699
715_213.109821,-0.24397,-1.5535e-15,-0.86302,0.39119,0.65471,-5.5703
1128_254.96179,-0.26347,1.7486e-16,-0.86026,0.3927,0.65633,-5.5725
871_332.330668,-0.24751,2.3625e-16,-0.85622,0.39492,0.65845,-5.5757
193_214.089717,-0.24633,-2.4494e-16,-0.85594,0.39507,0.65845,-5.5759
788_377.180691,-0.24187,7.952e-16,-0.84643,0.40032,0.66627,-5.5835
1636_371.315692,0.2469,7.9936e-16,0.84391,0.40171,0.66709,-5.5855
198_613.340526,0.27297,1.1102e-16,0.84353,0.40192,0.66709,-5.5858
1215_336.191886,-0.251,-5.2736e-16,-0.84076,0.40346,0.66855,-5.588
794_209.114899,-0.239,5.5858e-16,-0.83994,0.40392,0.66855,-5.5886
320_347.167731,0.25516,-3.2752e-16,0.83564,0.40632,0.67069,-5.592
814_297.203729,-0.24134,-2.3592e-16,-0.83562,0.40633,0.67069,-5.592
3_333.167341,0.25878,2.897e-16,0.83453,0.40694,0.67078,-5.5928
40_235.132963,-0.24058,-6.9007e-16,-0.83179,0.40847,0.67238,-5.5949
673_225.109818,-0.23428,-1.5044e-15,-0.82707,0.41112,0.67582,-5.5986
1911_541.36417,0.24105,-6.0507e-16,0.82359,0.41308,0.67745,-5.6013
272_378.824245,0.25259,-5.7732e-16,0.82244,0.41373,0.67745,-5.6022
763_399.162627,-0.23699,-1.1817e-15,-0.82231,0.41381,0.67745,-5.6023
156_209.982208,-0.24093,-2.0088e-16,-0.81968,0.41529,0.67887,-5.6043
157_195.135628,-0.23743,8.8107e-16,-0.81801,0.41624,0.67887,-5.6056
1082_335.182987,-0.23402,7.7958e-16,-0.81778,0.41637,0.67887,-5.6057
747_341.341504,-0.23387,-7.4246e-16,-0.81339,0.41886,0.682,-5.6091
1390_544.98538,-0.24772,1.6098e-16,-0.80722,0.42239,0.68681,-5.6137
1000_295.115306,-0.23043,-2.5188e-16,-0.80476,0.4238,0.68817,-5.6156
171_316.284712,0.22989,9.794e-16,0.79955,0.42679,0.69209,-5.6195
1137_200.087634,-0.2461,-1.3878e-16,-0.79748,0.42798,0.69308,-5.621
1250_344.217016,-0.23537,-1.5266e-17,-0.78721,0.43392,0.70158,-5.6286
126_556.273276,-0.23089,-9.9851e-16,-0.7864,0.43439,0.70158,-5.6292
637_283.18808,-0.22494,-7.7022e-16,-0.78489,0.43527,0.70206,-5.6303
1397_440.925821,0.23396,-1.6653e-16,0.78049,0.43784,0.70394,-5.6336
276_366.261299,-0.23299,-7.0777e-16,-0.77986,0.43821,0.70394,-5.634
164_361.162244,-0.22211,8.2226e-16,-0.779,0.43871,0.70394,-5.6346
175_409.162233,-0.22148,-2.7756e-18,-0.77887,0.43879,0.70394,-5.6347
1023_208.707438,-0.22281,-1.2798e-15,-0.77714,0.4398,0.70462,-5.636
68_317.172426,-0.22008,8.2894e-16,-0.77211,0.44275,0.70767,-5.6396
290_657.366489,0.23955,7.383e-16,0.77189,0.44288,0.70767,-5.6398
813_676.235187,0.23451,1.1102e-17,0.76971,0.44417,0.70795,-5.6414
130_199.169336,-0.22539,-6.0785e-16,-0.76922,0.44445,0.70795,-5.6417
936_268.154433,-0.22479,6.1635e-16,-0.76821,0.44505,0.70795,-5.6424
1410_548.610882,-0.22902,-5.4678e-16,-0.76759,0.44542,0.70795,-5.6429
266_362.19121,0.2379,1.7208e-16,0.76474,0.4471,0.70969,-5.6449
1169_335.167738,0.23671,7.1054e-16,0.76227,0.44856,0.71107,-5.6467
945_371.240502,0.23319,-6.016e-16,0.76109,0.44926,0.71124,-5.6475
1189_511.272572,0.23454,7.1054e-16,0.75686,0.45178,0.71427,-5.6505
687_385.256148,-0.21698,7.2095e-16,-0.75251,0.45437,0.71743,-5.6536
319_296.183042,0.22818,-3.2752e-16,0.75063,0.45549,0.71796,-5.6549
121_313.23503,0.21721,-6.9337e-16,0.74994,0.45591,0.71796,-5.6554
757_331.209202,-0.22289,-3.6637e-16,-0.74838,0.45684,0.71849,-5.6565
1831_181.119973,-0.22119,7.2858e-16,-0.74326,0.45991,0.72232,-5.6601
642_284.331277,0.21696,-2.0539e-16,0.74232,0.46048,0.72232,-5.6607
102_228.232285,-0.21253,4.826e-16,-0.73851,0.46277,0.72497,-5.6633
957_429.233126,0.22227,-4.9405e-16,0.73347,0.46582,0.7288,-5.6668
289_318.19615,0.22598,-2.9976e-16,0.73245,0.46644,0.72881,-5.6675
1720_889.024723,-0.21703,-7.383e-16,-0.73025,0.46777,0.72994,-5.669
194_369.096965,-0.20765,5.2597e-16,-0.72569,0.47055,0.73332,-5.6721
242_149.002564,0.22156,-5.9397e-16,0.72248,0.4725,0.73541,-5.6743
1038_253.213899,-0.20445,-2.9282e-16,-0.71925,0.47448,0.73753,-5.6765
1653_371.594334,-0.21171,-5.5789e-16,-0.71356,0.47797,0.74034,-5.6803
1265_380.82128,0.21302,-5.2736e-16,0.7131,0.47825,0.74034,-5.6806
1638_647.694274,-0.21125,-5.5511e-16,-0.71211,0.47886,0.74034,-5.6813
1515_188.091816,-0.21179,-1.7764e-16,-0.71139,0.4793,0.74034,-5.6817
1477_824.14656,-0.21099,3.5943e-16,-0.71128,0.47937,0.74034,-5.6818
210_272.222126,-0.20432,-9.4508e-16,-0.70807,0.48135,0.74143,-5.6839
1421_533.364162,0.21209,4.996e-16,0.70767,0.48159,0.74143,-5.6842
789_190.979421,-0.22405,5.0515e-16,-0.70682,0.48212,0.74143,-5.6848
315_670.319452,0.21436,-6.4393e-16,0.70613,0.48255,0.74143,-5.6852
1340_492.649353,-0.20774,-3.7192e-16,-0.70105,0.48569,0.74488,-5.6886
1731_187.057771,-0.20997,5.5511e-18,-0.69982,0.48645,0.74488,-5.6894
9_291.231956,-0.21111,2.7756e-18,-0.69949,0.48666,0.74488,-5.6896
1209_487.360555,0.20807,-3.6637e-16,0.69817,0.48748,0.74519,-5.6905
714_228.942164,0.20085,6.9805e-16,0.69411,0.49001,0.7481,-5.6931
685_345.133357,-0.19998,4.4357e-16,-0.68707,0.4944,0.75385,-5.6976
163_249.221386,-0.20046,-6.1201e-16,-0.68362,0.49656,0.75545,-5.6999
148_249.185001,-0.19651,-4.8572e-16,-0.68259,0.49721,0.75545,-5.7005
1632_631.974807,-0.20184,-1.3878e-18,-0.68238,0.49734,0.75545,-5.7006
863_216.018025,-0.20148,1.7764e-16,-0.68124,0.49806,0.75559,-5.7014
1359_353.193542,-0.20018,-5.6483e-16,-0.6771,0.50066,0.75799,-5.704
1755_571.079278,-0.19973,-7.7716e-16,-0.67568,0.50156,0.75799,-5.7049
108_235.205735,-0.19269,5.2042e-19,-0.67511,0.50192,0.75799,-5.7053
1526_318.773572,-0.19912,7.7299e-16,-0.67375,0.50278,0.75799,-5.7061
269_518.945916,0.20851,-4.4409e-16,0.67371,0.5028,0.75799,-5.7062
1580_629.284852,-0.1987,-1.9845e-16,-0.6724,0.50363,0.75829,-5.707
158_399.154394,-0.19428,-1.1085e-15,-0.66829,0.50623,0.76012,-5.7096
1320_389.193504,-0.19697,7.6883e-16,-0.66691,0.50711,0.76012,-5.7104
23_273.109828,-0.19034,5.5927e-16,-0.66684,0.50715,0.76012,-5.7105
1019_369.384031,0.20329,0,0.66649,0.50738,0.76012,-5.7107
1695_619.240378,-0.1958,-5.7732e-16,-0.66317,0.50949,0.76232,-5.7128
843_283.115305,0.19592,3.7748e-16,0.66055,0.51116,0.76388,-5.7144
870_246.952725,0.1904,9.3675e-16,0.65902,0.51213,0.76438,-5.7153
48_437.235779,0.20412,1.4988e-16,0.65515,0.5146,0.76644,-5.7177
1370_520.332838,0.19953,-4.5519e-16,0.65486,0.51479,0.76644,-5.7179
268_438.779889,0.2016,4.4964e-16,0.65251,0.5163,0.76773,-5.7193
879_304.300715,-0.18784,-7.265e-16,-0.65143,0.51699,0.7678,-5.72
25_227.164264,-0.18865,-8.8382e-16,-0.6485,0.51887,0.76874,-5.7218
1244_549.971678,-0.19114,2.0817e-16,-0.64829,0.51901,0.76874,-5.7219
961_172.956406,-0.19088,1.9568e-16,-0.64746,0.51954,0.76874,-5.7224
862_227.089088,-0.18753,-8.7985e-16,-0.64458,0.52139,0.76935,-5.7241
123_251.164268,-0.18512,-5.0029e-16,-0.64299,0.52241,0.76935,-5.7251
67_237.148615,-0.18616,1.1588e-15,-0.64286,0.5225,0.76935,-5.7252
885_181.083589,-0.18287,-2.9421e-16,-0.64284,0.52252,0.76935,-5.7252
1109_207.138044,-0.18817,3.8441e-16,-0.63878,0.52514,0.77099,-5.7276
1328_268.115644,-0.18743,-5.9119e-16,-0.63641,0.52667,0.77099,-5.729
1680_643.356953,0.19207,-3.3307e-16,0.63597,0.52695,0.77099,-5.7293
262_516.723321,0.19422,2.9421e-16,0.63415,0.52814,0.77099,-5.7304
864_197.151288,-0.1857,6.2728e-16,-0.63388,0.52831,0.77099,-5.7305
176_182.936665,0.18428,1.1071e-15,0.6337,0.52842,0.77099,-5.7307
641_305.248243,0.19043,3.3862e-16,0.63182,0.52965,0.77099,-5.7318
1269_512.37937,-0.18549,5.9674e-16,-0.63017,0.53072,0.77099,-5.7327
1114_190.963811,0.18908,-6.9944e-16,0.62995,0.53086,0.77099,-5.7329
228_335.174055,-0.18034,1.3284e-15,-0.6298,0.53096,0.77099,-5.733
883_607.209635,0.19029,3.4972e-16,0.62952,0.53114,0.77099,-5.7331
1180_278.138464,0.18702,7.3275e-16,0.6292,0.53135,0.77099,-5.7333
46_393.209583,0.1961,-5.6344e-16,0.62823,0.53198,0.77099,-5.7339
1115_313.18329,-0.18426,4.0107e-16,-0.62622,0.53329,0.77196,-5.7351
233_374.782623,0.19473,-4.3854e-16,0.62518,0.53397,0.77201,-5.7357
675_123.044098,-0.18566,7.1818e-16,-0.623,0.53539,0.77313,-5.737
1032_223.063738,-0.17873,-9.8498e-16,-0.6207,0.53689,0.77436,-5.7383
64_556.279102,-0.18794,1.7347e-16,-0.6189,0.53807,0.77461,-5.7393
869_327.122797,-0.17693,-1.0006e-15,-0.61526,0.54046,0.77461,-5.7414
1134_303.253078,-0.1808,-6.0923e-16,-0.61507,0.54059,0.77461,-5.7416
70_525.288151,0.19145,4.1911e-16,0.61461,0.54089,0.77461,-5.7418
605_311.18486,-0.17538,1.3739e-15,-0.61399,0.54129,0.77461,-5.7422
109_569.314302,0.19115,2.8311e-16,0.61347,0.54164,0.77461,-5.7425
1058_255.122797,-0.18284,9.1038e-16,-0.6133,0.54175,0.77461,-5.7426
1203_289.632987,0.18344,3.4417e-16,0.61143,0.54297,0.77461,-5.7436
255_496.738463,0.18627,1.7764e-16,0.61104,0.54323,0.77461,-5.7439
1068_332.797974,-0.17925,-5.9258e-16,-0.61004,0.54389,0.77461,-5.7444
1283_115.656709,-0.18263,8.7153e-16,-0.60943,0.54429,0.77461,-5.7448
43_349.183383,0.19065,2.7756e-18,0.60864,0.54481,0.77461,-5.7452
1599_268.104124,-0.17749,6.0785e-16,-0.60437,0.54763,0.77619,-5.7477
1865_541.462326,-0.18046,8.9373e-16,-0.60435,0.54764,0.77619,-5.7477
278_251.200656,-0.17306,-1.0548e-15,-0.60402,0.54786,0.77619,-5.7479
172_237.14621,-0.17087,-2.8415e-16,-0.60008,0.55047,0.77895,-5.7501
919_459.292878,0.19576,-2.4425e-16,0.59912,0.55111,0.77895,-5.7506
986_125.986368,-0.17523,-8.2295e-16,-0.59705,0.55248,0.77953,-5.7518
822_227.125474,-0.17217,-2.38e-16,-0.59654,0.55281,0.77953,-5.7521
702_193.083598,-0.17197,4.5103e-16,-0.59357,0.55479,0.7814,-5.7537
1052_484.384482,0.19055,-1.0825e-16,0.59061,0.55676,0.78326,-5.7554
664_197.078515,-0.16623,-6.0568e-16,-0.58567,0.56006,0.78696,-5.7581
995_272.968382,0.1754,-1.8874e-16,0.58463,0.56075,0.78702,-5.7587
1368_312.362573,-0.17099,8.1879e-16,-0.58331,0.56164,0.78734,-5.7594
2323_207.174429,0.17116,-7.8548e-16,0.5804,0.56358,0.78915,-5.761
872_304.299231,-0.16591,-1.0134e-15,-0.57721,0.56572,0.79122,-5.7627
391_349.180874,-0.16798,1.045e-15,-0.5735,0.56822,0.7929,-5.7647
1055_230.946164,-0.16796,-8.4516e-16,-0.57343,0.56826,0.7929,-5.7648
224_432.269431,0.17788,2.6923e-16,0.57234,0.569,0.7929,-5.7653
82_517.334718,-0.16909,-1.3878e-18,-0.5715,0.56957,0.7929,-5.7658
253_436.782828,0.17494,4.4409e-16,0.56988,0.57065,0.79349,-5.7667
220_523.302994,-0.17332,-6.3283e-16,-0.56841,0.57165,0.79395,-5.7674
187_211.16934,-0.16051,-2.8658e-16,-0.5629,0.57537,0.79785,-5.7704
1271_186.10008,0.16593,-5.7454e-16,0.562,0.57598,0.79785,-5.7708
270_562.364139,-0.16756,0,-0.56132,0.57644,0.79785,-5.7712
951_556.272516,-0.15954,-2.5847e-16,-0.55736,0.57913,0.80064,-5.7733
63_621.418363,0.17207,-8.3267e-18,0.55407,0.58137,0.80281,-5.775
165_288.25342,-0.16528,-3.5501e-16,-0.55285,0.5822,0.80303,-5.7756
695_627.097374,-0.15826,2.5361e-16,-0.54928,0.58463,0.80477,-5.7775
914_182.081246,-0.15674,-1.1137e-15,-0.54903,0.5848,0.80477,-5.7776
755_325.113018,0.15909,-4.3993e-16,0.54722,0.58604,0.80555,-5.7785
11_209.15369,0.16783,3.4261e-18,0.54273,0.58911,0.80738,-5.7808
72_381.046876,0.16804,1.3128e-16,0.54124,0.59013,0.80738,-5.7816
938_363.3106,-0.15788,4.3576e-16,-0.54047,0.59066,0.80738,-5.782
744_265.141125,-0.15265,3.1572e-16,-0.53862,0.59193,0.80738,-5.7829
950_237.221385,-0.15464,7.6467e-16,-0.53809,0.59229,0.80738,-5.7832
893_281.247606,-0.15489,-7.4801e-16,-0.53803,0.59233,0.80738,-5.7832
710_279.987704,0.15545,4.7809e-16,0.53799,0.59236,0.80738,-5.7832
1249_321.167334,-0.15695,-6.3838e-16,-0.53742,0.59275,0.80738,-5.7835
841_295.15169,-0.15264,1.3024e-15,-0.53186,0.59658,0.81167,-5.7863
987_230.982548,-0.15406,5.5511e-18,-0.52791,0.5993,0.81376,-5.7883
946_367.209195,-0.15276,6.9944e-16,-0.52767,0.59947,0.81376,-5.7884
145_289.144505,0.15183,-9.6034e-16,0.52577,0.60078,0.81461,-5.7893
1044_421.223064,-0.15272,8.6042e-16,-0.52353,0.60233,0.81482,-5.7905
970_345.227254,0.15633,5.4123e-16,0.52334,0.60246,0.81482,-5.7905
217_196.865172,0.16724,-3.7331e-16,0.52167,0.60361,0.81482,-5.7914
1976_214.180242,-0.15215,6.5087e-16,-0.52163,0.60364,0.81482,-5.7914
1289_347.29456,-0.15178,4.316e-16,-0.52043,0.60447,0.81502,-5.792
52_481.261974,0.16117,1.3878e-16,0.51868,0.60569,0.81549,-5.7928
277_374.735136,0.16361,5.218e-16,0.51796,0.60618,0.81549,-5.7932
206_338.805967,0.16185,-1.3323e-16,0.51583,0.60766,0.81596,-5.7942
1077_539.267385,0.16302,5.218e-16,0.51473,0.60843,0.81596,-5.7947
1356_107.723827,0.15208,-3.7748e-16,0.51453,0.60857,0.81596,-5.7948
1245_581.365982,-0.14883,-6.5226e-16,-0.51068,0.61124,0.81825,-5.7967
99_665.44449,-0.15656,4.6074e-16,-0.50946,0.61209,0.81825,-5.7973
60_281.17243,-0.14771,4.5519e-16,-0.50861,0.61269,0.81825,-5.7977
1131_556.271691,0.15365,3.3862e-16,0.50816,0.61301,0.81825,-5.7979
1105_107.734598,-0.14641,-2.0817e-18,-0.50394,0.61595,0.82127,-5.7999
58_305.157172,0.15587,-2.7894e-16,0.50102,0.61799,0.82156,-5.8013
1416_455.352069,0.1552,2.9976e-16,0.50039,0.61844,0.82156,-5.8016
119_293.208814,-0.14468,4.5641e-16,-0.49878,0.61956,0.82156,-5.8023
618_261.088845,-0.14229,-1.0842e-15,-0.49725,0.62064,0.82156,-5.803
1027_241.973799,-0.14472,-9.0206e-16,-0.49709,0.62074,0.82156,-5.8031
608_332.331273,0.14675,-1.9151e-16,0.49686,0.62091,0.82156,-5.8032
655_326.378224,-0.14199,-5.6205e-16,-0.49678,0.62097,0.82156,-5.8033
1772_745.410404,0.14898,-3.2752e-16,0.4938,0.62305,0.82342,-5.8046
1519_614.295213,-0.14277,-2.3037e-16,-0.49065,0.62527,0.82544,-5.8061
97_291.156778,-0.14276,8.521e-16,-0.4886,0.62671,0.82643,-5.807
796_363.162647,0.14935,-3.0392e-16,0.48495,0.62929,0.8275,-5.8087
133_391.284364,-0.13849,-2.8311e-16,-0.48486,0.62935,0.8275,-5.8088
369_369.372806,0.14215,-1.9984e-16,0.48452,0.62959,0.8275,-5.8089
615_301.176776,-0.13781,1.1394e-15,-0.47418,0.63691,0.8362,-5.8136
795_110.779387,-0.13448,-1.3892e-15,-0.47069,0.63939,0.83854,-5.8151
971_202.107472,-0.13435,-2.6749e-16,-0.46857,0.64089,0.83959,-5.8161
1483_761.623625,-0.14023,8.4377e-16,-0.46608,0.64266,0.841,-5.8172
778_295.100051,0.13966,-6.9894e-16,0.46391,0.64421,0.84191,-5.8181
459_606.775057,-0.13444,6.9389e-18,-0.46297,0.64488,0.84191,-5.8185
1102_189.979877,-0.13402,-6.8417e-16,-0.46157,0.64588,0.84191,-5.8191
1444_198.909015,0.13747,5.3291e-16,0.46117,0.64616,0.84191,-5.8193
65_245.078521,-0.12966,7.6328e-18,-0.45463,0.65084,0.84708,-5.8221
602_304.299975,0.13418,-9.5826e-16,0.45344,0.65169,0.84727,-5.8226
1432_419.315644,0.13044,8.9928e-16,0.44854,0.6552,0.85091,-5.8247
760_183.062852,-0.12606,-1.5155e-15,-0.4435,0.65882,0.85286,-5.8268
201_164.930065,0.14059,5.218e-16,0.44324,0.65901,0.85286,-5.8269
76_313.310205,-0.13235,-3.4877e-16,-0.44285,0.6593,0.85286,-5.8271
614_301.17805,-0.13826,1.3045e-16,-0.4425,0.65955,0.85286,-5.8272
101_309.203726,-0.1249,7.1349e-16,-0.43175,0.6673,0.86103,-5.8316
777_138.088983,-0.1246,4.7922e-16,-0.4308,0.66799,0.86103,-5.832
703_402.357867,0.12894,3.5371e-16,0.43076,0.66802,0.86103,-5.832
1036_399.308173,-0.12242,8.2087e-16,-0.42782,0.67015,0.8612,-5.8332
179_339.1779,-0.12582,6.0438e-16,-0.42782,0.67015,0.8612,-5.8332
1149_271.115314,0.12965,0,0.4276,0.67031,0.8612,-5.8333
998_783.11886,-0.12393,-4.6491e-16,-0.42662,0.67102,0.8612,-5.8337
832_305.097748,-0.12748,-8.6094e-16,-0.4242,0.67277,0.86253,-5.8347
292_456.945803,0.13034,1.4433e-16,0.42312,0.67356,0.86262,-5.8351
678_304.300496,0.12372,3.4694e-18,0.42113,0.675,0.86286,-5.8359
86_307.085389,-0.1246,1.9706e-16,-0.42087,0.67519,0.86286,-5.836
295_650.416666,-0.11992,4.7531e-16,-0.41438,0.67992,0.86709,-5.8386
1561_117.114439,-0.12554,-3.3862e-16,-0.41338,0.68064,0.86709,-5.8389
874_334.222512,0.12054,-4.4131e-16,0.41298,0.68094,0.86709,-5.8391
44_577.392194,0.12917,-1.3323e-16,0.41229,0.68144,0.86709,-5.8394
857_101.435248,0.11867,7.4107e-16,0.41137,0.68211,0.86709,-5.8397
1407_520.943071,0.12264,-5.5511e-18,0.4054,0.68647,0.87171,-5.842
792_176.970724,0.11859,-4.0662e-16,0.40338,0.68795,0.87244,-5.8428
1066_467.24633,0.12665,2.4425e-16,0.39948,0.6908,0.87244,-5.8443
202_254.823806,0.12908,6.2034e-16,0.39934,0.69091,0.87244,-5.8443
1192_370.741051,0.12276,-4.6629e-16,0.39928,0.69095,0.87244,-5.8443
955_415.266689,0.12948,2.4321e-16,0.39922,0.69099,0.87244,-5.8443
75_303.120392,-0.11405,-8.1931e-16,-0.39866,0.69141,0.87244,-5.8446
238_340.803015,0.1227,4.2744e-16,0.39379,0.69498,0.87603,-5.8464
1247_225.182581,-0.11837,-1.6653e-16,-0.39023,0.6976,0.87751,-5.8477
1261_180.964214,0.11948,-3.0809e-16,0.3902,0.69762,0.87751,-5.8477
676_196.002943,0.11943,-7.494e-16,0.38837,0.69897,0.87828,-5.8484
1167_114.43432,-0.11695,-1.1102e-17,-0.38637,0.70044,0.87921,-5.8491
905_315.177911,0.11461,5.4678e-16,0.38463,0.70173,0.87991,-5.8497
1222_107.766925,0.11324,1.9984e-16,0.38114,0.7043,0.88222,-5.851
700_107.74537,-0.11286,-7.5079e-16,-0.37986,0.70525,0.88248,-5.8514
824_185.114894,-0.10724,-2.7964e-16,-0.37489,0.70892,0.88527,-5.8532
1521_149.961046,-0.11291,-8.4377e-16,-0.37436,0.70932,0.88527,-5.8534
1722_679.022719,-0.10791,-4.8711e-16,-0.37385,0.70969,0.88527,-5.8536
1182_488.655272,0.11567,5.9397e-16,0.37247,0.71072,0.88563,-5.8541
1140_464.250412,-0.11191,4.9405e-16,-0.36955,0.71288,0.88669,-5.8551
636_311.255771,-0.10542,5.5268e-16,-0.36835,0.71377,0.88669,-5.8555
1393_498.783014,-0.10599,4.9336e-16,-0.36736,0.7145,0.88669,-5.8558
96_429.282343,-0.1066,-6.8834e-16,-0.36728,0.71456,0.88669,-5.8559
91_261.130955,0.10987,3.3862e-16,0.36633,0.71527,0.88669,-5.8562
285_458.942874,0.11135,-6.2728e-16,0.36526,0.71606,0.88676,-5.8566
174_260.862449,0.11678,3.9413e-16,0.36365,0.71726,0.88707,-5.8571
1150_206.89398,0.11264,7.2164e-16,0.36294,0.71778,0.88707,-5.8574
1205_317.151992,0.10782,-3.5527e-16,0.36181,0.71863,0.88719,-5.8577
1153_399.265354,0.10899,-6.2172e-16,0.35583,0.72308,0.89021,-5.8598
208_423.177863,-0.10201,-1.0068e-15,-0.35413,0.72435,0.89021,-5.8603
1163_535.214995,-0.10534,-3.3862e-16,-0.35059,0.72699,0.89021,-5.8615
740_221.982214,0.10495,-6.9805e-16,0.35005,0.72739,0.89021,-5.8617
104_425.214653,0.10631,-8.2712e-16,0.34982,0.72757,0.89021,-5.8618
2092_527.262168,-0.10058,-7.4732e-16,-0.34902,0.72817,0.89021,-5.862
1112_311.188767,-0.1062,6.5503e-16,-0.34898,0.72819,0.89021,-5.862
1070_666.447717,0.10859,4.2188e-16,0.34882,0.72831,0.89021,-5.8621
1563_185.431685,-0.1005,9.9643e-16,-0.34875,0.72837,0.89021,-5.8621
1067_367.245576,-0.10597,-3.2752e-16,-0.34842,0.72861,0.89021,-5.8622
1117_263.164273,-0.10395,7.2164e-16,-0.34759,0.72923,0.89021,-5.8625
751_319.136434,0.10607,-4.538e-16,0.34545,0.73084,0.89126,-5.8632
1046_430.696692,0.10777,2.6645e-16,0.34354,0.73226,0.89203,-5.8638
45_229.2163,0.10097,2.035e-16,0.34262,0.73295,0.89203,-5.8641
122_227.200652,-0.097338,1.1099e-15,-0.34034,0.73466,0.89235,-5.8648
1015_326.30544,0.10135,8.9928e-16,0.3391,0.73559,0.89235,-5.8652
1251_264.022048,-0.10448,5.8425e-16,-0.3385,0.73604,0.89235,-5.8654
74_357.300027,-0.099421,2.0817e-18,-0.33831,0.73618,0.89235,-5.8655
865_291.951313,-0.096575,-2.3167e-16,-0.33302,0.74015,0.8962,-5.8672
991_169.04719,-0.095658,-7.2164e-16,-0.33075,0.74186,0.8962,-5.8679
895_473.344884,-0.095158,-1.2438e-15,-0.33005,0.74239,0.8962,-5.8681
309_635.397539,0.10271,5.5511e-16,0.32916,0.74306,0.8962,-5.8684
682_218.943104,-0.097767,3.6394e-16,-0.3291,0.7431,0.8962,-5.8684
138_293.136045,-0.093087,-8.743e-16,-0.32639,0.74514,0.89776,-5.8692
677_304.299464,0.094423,-8.0005e-16,0.32032,0.74972,0.9016,-5.8711
271_366.230118,0.099127,1.3323e-16,0.32018,0.74983,0.9016,-5.8711
77_557.282513,-0.092959,-1.0325e-15,-0.31659,0.75253,0.90394,-5.8722
78_262.906996,-0.096833,5.5511e-18,-0.3147,0.75397,0.90476,-5.8727
856_485.199368,-0.089383,-5.1053e-16,-0.31018,0.75738,0.90795,-5.8741
1195_216.922772,0.093942,-7.6605e-16,0.30619,0.76041,0.90998,-5.8752
62_243.231947,0.089874,8.2018e-16,0.30594,0.76059,0.90998,-5.8753
112_206.138773,-0.086949,-2.949e-18,-0.30301,0.76282,0.91112,-5.8761
22_626.097848,0.088732,8.3579e-16,0.30268,0.76306,0.91112,-5.8762
56_228.195899,0.089598,-9.2131e-16,0.30128,0.76413,0.91149,-5.8766
1430_309.167337,0.090133,-8.3267e-18,0.3002,0.76495,0.91156,-5.8769
1296_405.261208,-0.088443,3.8858e-16,-0.29752,0.76698,0.91308,-5.8777
107_258.865403,-0.090596,-3.1641e-16,-0.29573,0.76834,0.91379,-5.8782
1520_131.950472,-0.088201,6.7724e-16,-0.29294,0.77047,0.91541,-5.879
917_227.938408,-0.086393,5.591e-16,-0.2911,0.77187,0.91617,-5.8795
825_251.089092,-0.082427,4.8273e-16,-0.28551,0.77613,0.9194,-5.881
858_309.130954,-0.081801,7.9897e-16,-0.28532,0.77627,0.9194,-5.881
106_303.073533,0.08381,6.016e-16,0.28451,0.77689,0.9194,-5.8813
830_407.188838,0.087347,2.9421e-16,0.282,0.77881,0.92068,-5.8819
892_287.258172,-0.081243,4.5085e-16,-0.27942,0.78078,0.92068,-5.8826
820_253.104742,-0.080541,-7.1332e-16,-0.2785,0.78149,0.92068,-5.8829
713_291.19557,-0.079719,-2.7062e-16,-0.278,0.78186,0.92068,-5.883
21_235.169348,0.08416,-7.2858e-18,0.27707,0.78258,0.92068,-5.8832
1110_185.766668,-0.083701,0,-0.27645,0.78305,0.92068,-5.8834
282_319.224468,-0.084468,-1.6653e-16,-0.27548,0.78379,0.92068,-5.8836
903_451.215031,0.08403,8.3267e-18,0.27506,0.78411,0.92068,-5.8838
1601_132.958302,-0.08176,-1.8874e-16,-0.27323,0.78552,0.92104,-5.8842
997_278.642027,0.083236,-4.8295e-16,0.27148,0.78686,0.92104,-5.8847
821_190.002366,-0.082436,1.6653e-16,-0.2711,0.78714,0.92104,-5.8848
1059_164.977165,0.082278,4.9682e-16,0.27065,0.78749,0.92104,-5.8849
728_220.996962,0.079461,4.5103e-18,0.26865,0.78902,0.92194,-5.8854
994_312.78243,0.082491,5.4332e-16,0.26235,0.79385,0.92668,-5.887
735_141.958639,-0.080839,4.3299e-16,-0.2597,0.79588,0.92815,-5.8876
151_331.151691,0.074254,5.31e-16,0.25859,0.79674,0.92824,-5.8879
604_355.149284,-0.074979,4.4027e-16,-0.2569,0.79804,0.92842,-5.8883
1017_185.078507,-0.072873,5.6049e-16,-0.25485,0.79961,0.92842,-5.8888
247_454.723172,0.07915,1.3323e-16,0.25439,0.79997,0.92842,-5.8889
1096_414.300337,0.074631,-5.8842e-16,0.25276,0.80122,0.92842,-5.8893
55_453.16744,-0.072145,-2.6854e-16,-0.25175,0.802,0.92842,-5.8895
143_359.136126,-0.073678,-6.3838e-16,-0.25157,0.80214,0.92842,-5.8896
859_130.965217,-0.074585,5.7176e-16,-0.25135,0.80231,0.92842,-5.8896
117_269.208813,0.070851,0,0.24727,0.80545,0.92983,-5.8906
1022_192.759825,-0.075802,4.8572e-16,-0.24726,0.80546,0.92983,-5.8906
1074_185.764326,-0.074551,-1.1102e-17,-0.2457,0.80666,0.92983,-5.891
1101_333.170714,-0.07262,-5.7732e-16,-0.24504,0.80717,0.92983,-5.8911
95_605.38706,0.070326,1.2865e-15,0.24439,0.80767,0.92983,-5.8913
1235_308.222105,-0.069818,6.9389e-19,-0.24374,0.80818,0.92983,-5.8914
168_215.200639,-0.07056,-4.3854e-16,-0.2418,0.80967,0.93066,-5.8918
169_782.115662,0.078401,-1.4433e-16,0.23901,0.81182,0.93223,-5.8925
1218_323.18299,-0.070755,-5.4401e-16,-0.23635,0.81388,0.9337,-5.8931
132_299.294556,0.065617,2.21e-16,0.22486,0.82277,0.943,-5.8956
1347_556.282203,0.065485,9.4369e-16,0.22054,0.82612,0.94594,-5.8965
704_125.986288,-0.069002,-1.1102e-16,-0.2194,0.827,0.94604,-5.8967
34_489.339828,0.067932,1.4433e-16,0.21434,0.83093,0.94879,-5.8978
719_357.26124,0.062508,2.7756e-18,0.21415,0.83108,0.94879,-5.8978
797_274.839343,-0.064562,6.6613e-16,-0.21287,0.83207,0.94879,-5.898
1219_626.100081,0.063801,-3.5527e-16,0.21179,0.83291,0.94879,-5.8983
223_355.214984,-0.065607,2.8311e-16,-0.21122,0.83335,0.94879,-5.8984
1194_270.953973,0.060356,8.1046e-16,0.20487,0.83829,0.95208,-5.8996
232_737.465585,0.061577,-6.7724e-16,0.20426,0.83877,0.95208,-5.8997
806_239.089088,-0.058087,2.8866e-16,-0.20338,0.83945,0.95208,-5.8999
6_317.151447,0.060301,-9.2773e-16,0.20261,0.84005,0.95208,-5.9001
965_272.162199,0.060891,-1.8874e-16,0.20241,0.84021,0.95208,-5.9001
855_265.177512,-0.056133,4.7705e-19,-0.19722,0.84425,0.95528,-5.9011
88_479.240449,-0.056457,8.0179e-16,-0.19674,0.84463,0.95528,-5.9012
770_299.110221,-0.056027,1.1276e-18,-0.19443,0.84642,0.95563,-5.9016
800_208.37296,-0.056015,-7.1922e-16,-0.1936,0.84708,0.95563,-5.9017
10_305.247604,-0.057526,7.1609e-16,-0.19254,0.8479,0.95563,-5.9019
1324_606.569531,0.058495,0,0.19156,0.84867,0.95563,-5.9021
958_231.210817,0.055261,6.533e-16,0.18882,0.85081,0.95563,-5.9026
964_405.173207,-0.054399,-7.2893e-16,-0.18833,0.85119,0.95563,-5.9027
630_171.99179,-0.06262,-5.6621e-16,-0.18755,0.8518,0.95563,-5.9028
1071_317.120788,0.055318,1.8874e-16,0.18597,0.85303,0.95563,-5.9031
692_195.062856,-0.053432,-1.2559e-15,-0.18533,0.85353,0.95563,-5.9032
1186_305.097754,0.05851,-5.5511e-16,0.18525,0.85359,0.95563,-5.9032
942_627.313466,-0.05832,5.3291e-16,-0.18511,0.8537,0.95563,-5.9033
1012_177.957735,0.053883,3.5527e-16,0.18076,0.8571,0.95652,-5.904
36_533.366016,0.057055,5.2198e-16,0.18012,0.8576,0.95652,-5.9041
623_245.114608,-0.051532,8.3111e-16,-0.18004,0.85766,0.95652,-5.9041
1035_379.120329,-0.055216,-4.6629e-16,-0.18002,0.85768,0.95652,-5.9041
178_693.439461,0.05383,-4.6629e-16,0.17605,0.86078,0.95909,-5.9048
766_272.258506,0.049573,-4.8815e-16,0.17149,0.86436,0.96218,-5.9055
1099_430.389173,-0.050395,-7.2164e-16,-0.16884,0.86643,0.96305,-5.906
71_557.278183,-0.049941,3.5805e-16,-0.16764,0.86737,0.96305,-5.9062
764_213.018366,-0.051181,4.6629e-16,-0.16702,0.86786,0.96305,-5.9063
752_318.279242,0.050913,4.5797e-16,0.16583,0.86879,0.96305,-5.9064
230_294.206475,-0.048677,-8.1879e-16,-0.16537,0.86915,0.96305,-5.9065
693_196.961153,-0.047266,-1.0908e-15,-0.16177,0.87197,0.96528,-5.9071
8_600.240419,0.050506,3.8372e-16,0.16053,0.87295,0.96547,-5.9073
29_209.078513,-0.046554,-3.8684e-16,-0.15677,0.87589,0.96561,-5.9078
947_267.26834,0.047501,6.5503e-16,0.15653,0.87608,0.96561,-5.9079
913_327.253081,-0.044682,1.2922e-15,-0.15529,0.87706,0.96561,-5.908
720_226.180245,-0.045451,-8.4655e-16,-0.15504,0.87725,0.96561,-5.9081
1353_195.966556,0.046713,-1.7764e-16,0.15437,0.87778,0.96561,-5.9082
662_363.147976,-0.045773,7.154e-16,-0.15321,0.87869,0.96561,-5.9083
245_372.738094,0.049008,-5.1348e-16,0.15319,0.87871,0.96561,-5.9083
1148_167.067928,-0.043278,1.1682e-15,-0.15178,0.87982,0.96595,-5.9085
613_172.977045,-0.05174,3.6637e-16,-0.14817,0.88265,0.96817,-5.9091
977_408.810649,-0.042648,-6.3317e-16,-0.14551,0.88474,0.96958,-5.9094
808_284.294892,0.043819,5.7732e-16,0.14173,0.88772,0.97143,-5.9099
42_255.231954,0.041152,-6.7273e-16,0.14131,0.88805,0.97143,-5.91
731_625.092247,-0.039803,4.5658e-16,-0.13685,0.89156,0.97438,-5.9106
840_190.98762,-0.041458,0,-0.13505,0.89297,0.97446,-5.9108
124_329.005254,0.038132,-8.4342e-16,0.13341,0.89426,0.97446,-5.911
709_238.927755,0.042568,5.107e-16,0.13275,0.89478,0.97446,-5.9111
894_340.188413,0.04082,-2.9976e-16,0.13237,0.89509,0.97446,-5.9111
1358_208.891023,-0.04004,4.885e-16,-0.1316,0.89569,0.97446,-5.9112
727_312.326187,0.04171,-3.7748e-16,0.1296,0.89727,0.97529,-5.9115
772_937.137846,-0.037285,-4.5875e-16,-0.12795,0.89857,0.97583,-5.9117
1108_307.115302,0.036575,-1.0103e-15,0.12435,0.90141,0.97802,-5.9121
690_207.966561,-0.037434,6.3977e-16,-0.12314,0.90236,0.97817,-5.9123
125_282.204062,-0.034362,2.8363e-16,-0.12026,0.90464,0.97874,-5.9126
115_327.008202,0.034054,-1.2129e-15,0.11968,0.90509,0.97874,-5.9127
665_184.985622,-0.038482,-4.6629e-16,-0.11837,0.90613,0.97874,-5.9128
113_217.104732,-0.034056,9.4508e-16,-0.11755,0.90677,0.97874,-5.9129
13_301.141128,0.033811,7.5356e-16,0.1173,0.90697,0.97874,-5.9129
635_182.98521,-0.037782,-1.1102e-16,-0.11401,0.90957,0.98067,-5.9133
979_311.146605,-0.033593,4.774e-16,-0.11035,0.91246,0.98285,-5.9137
38_167.012857,-0.036268,4.4409e-16,-0.10937,0.91323,0.98285,-5.9138
932_319.284391,-0.032242,7.4385e-16,-0.10823,0.91413,0.98294,-5.9139
1087_325.235033,0.031885,1.5543e-16,0.1047,0.91693,0.98419,-5.9142
643_111.25995,0.031599,3.2752e-16,0.10401,0.91747,0.98419,-5.9143
836_186.981061,-0.032554,-4.1078e-16,-0.10364,0.91776,0.98419,-5.9143
679_256.299976,-0.030863,1.7087e-16,-0.10215,0.91895,0.98425,-5.9145
31_557.273604,0.030746,-6.6475e-16,0.1015,0.91946,0.98425,-5.9145
746_320.294885,-0.029468,-5.3568e-16,-0.098301,0.92199,0.9853,-5.9148
24_285.278905,0.02818,2.2343e-16,0.096758,0.92321,0.9853,-5.915
83_473.308531,-0.028472,4.1633e-16,-0.096549,0.92337,0.9853,-5.915
624_163.976705,0.029625,1.6185e-16,0.096109,0.92372,0.9853,-5.9151
84_561.360892,0.026897,-9.2044e-16,0.092638,0.92647,0.98735,-5.9154
33_469.072798,0.025605,-5.218e-16,0.089034,0.92932,0.98915,-5.9157
786_239.237037,0.027805,2.6645e-16,0.088249,0.92994,0.98915,-5.9157
1254_516.675839,-0.02644,-1.1102e-17,-0.086091,0.93165,0.98915,-5.9159
722_279.170421,-0.02503,-9.1038e-16,-0.086067,0.93167,0.98915,-5.9159
180_337.10474,0.02575,-4.4756e-16,0.083904,0.93338,0.98915,-5.9161
51_297.615495,-0.024842,4.1633e-18,-0.082455,0.93453,0.98915,-5.9162
952_239.935583,0.024624,6.6613e-16,0.08148,0.9353,0.98915,-5.9163
273_115.036603,-0.024452,-3.3307e-16,-0.080682,0.93593,0.98915,-5.9163
14_257.247603,0.023449,-6.8049e-16,0.080594,0.936,0.98915,-5.9163
1053_241.954057,0.024873,-1.4988e-16,0.080101,0.93639,0.98915,-5.9164
1049_521.287372,-0.023365,-3.7192e-16,-0.078659,0.93754,0.98949,-5.9165
16_244.190811,0.02226,1.0075e-15,0.075665,0.93991,0.99026,-5.9167
775_231.083997,-0.022493,-7.4732e-16,-0.075648,0.93992,0.99026,-5.9167
628_185.431959,0.021595,1.1102e-17,0.071578,0.94315,0.99208,-5.917
41_558.280841,0.020507,5.4123e-16,0.068367,0.9457,0.99208,-5.9172
39_445.313641,0.021113,-5.218e-16,0.065977,0.94759,0.99208,-5.9174
128_263.125475,0.018116,1.2337e-15,0.063703,0.9494,0.99208,-5.9175
707_171.101638,0.018433,7.0985e-16,0.063541,0.94952,0.99208,-5.9175
680_216.966895,-0.020468,-2.6645e-16,-0.063465,0.94958,0.99208,-5.9175
251_435.235404,0.018116,-4.7809e-16,0.06265,0.95023,0.99208,-5.9176
651_204.026809,0.017904,-8.6736e-16,0.061308,0.9513,0.99208,-5.9176
1_556.276575,0.018319,1.41e-15,0.061001,0.95154,0.99208,-5.9177
650_177.955981,-0.018454,-1.6515e-16,-0.060691,0.95179,0.99208,-5.9177
663_253.289075,-0.017692,-8.3822e-16,-0.060324,0.95208,0.99208,-5.9177
17_613.297968,0.017846,1.7902e-16,0.059723,0.95255,0.99208,-5.9177
889_261.953634,-0.01705,-1.113e-15,-0.058502,0.95352,0.99208,-5.9178
159_411.39862,-0.016356,9.312e-16,-0.056352,0.95523,0.99208,-5.9179
1901_833.780762,-0.016577,1.8319e-16,-0.055922,0.95557,0.99208,-5.9179
686_112.234718,-0.017083,-7.6814e-16,-0.055762,0.9557,0.99208,-5.9179
1532_289.089498,-0.016603,-5.2736e-16,-0.055235,0.95611,0.99208,-5.918
688_284.88894,0.016119,-1.8874e-16,0.054178,0.95695,0.99208,-5.918
1031_279.156782,-0.0156,-6.9944e-16,-0.051843,0.95881,0.99208,-5.9181
191_207.099252,0.014905,-4.8867e-16,0.051594,0.959,0.99208,-5.9182
53_271.263255,0.015041,-1.3878e-18,0.050944,0.95952,0.99208,-5.9182
57_223.094167,-0.014759,-8.8679e-16,-0.050541,0.95984,0.99208,-5.9182
144_186.956318,-0.015217,4.4409e-16,-0.049286,0.96084,0.99226,-5.9183
110_201.184994,-0.013376,2.1406e-16,-0.045777,0.96362,0.99373,-5.9184
111_271.190485,-0.01287,7.376e-16,-0.044498,0.96464,0.99373,-5.9185
1030_537.339828,-0.013567,-8.0491e-16,-0.044366,0.96474,0.99373,-5.9185
142_241.216301,-0.012167,-2.933e-16,-0.04266,0.9661,0.99427,-5.9185
906_260.384737,-0.010747,-2.5396e-16,-0.037298,0.97036,0.99511,-5.9187
944_275.11022,0.012123,0,0.036758,0.97079,0.99511,-5.9188
4_625.094506,0.010412,-1.3808e-15,0.035822,0.97153,0.99511,-5.9188
1310_781.112734,0.010804,1.8319e-16,0.035689,0.97164,0.99511,-5.9188
1142_103.631254,-0.010036,1.8874e-16,-0.033713,0.97321,0.99511,-5.9189
736_353.090855,0.010109,-1.6653e-16,0.033384,0.97347,0.99511,-5.9189
1187_537.25163,-0.0098017,-5.6621e-16,-0.032982,0.97379,0.99511,-5.9189
1132_514.678717,-0.010052,-2.956e-16,-0.032511,0.97416,0.99511,-5.9189
756_237.109825,-0.0091666,-2.7686e-16,-0.032026,0.97455,0.99511,-5.9189
1086_371.101331,0.0093283,-3.4417e-16,0.03119,0.97521,0.99511,-5.9189
823_181.987288,-0.0087065,5.3152e-16,-0.029069,0.9769,0.99599,-5.919
653_214.003618,-0.008738,-2.4425e-16,-0.026609,0.97885,0.99602,-5.9191
12_319.263252,-0.0076783,-3.8025e-16,-0.025943,0.97938,0.99602,-5.9191
54_401.287441,0.0081286,-2.6645e-16,0.025538,0.9797,0.99602,-5.9191
1342_275.161868,0.0073907,5.5511e-16,0.024782,0.9803,0.99602,-5.9191
802_263.008376,-0.0072189,-5.4401e-16,-0.022917,0.98178,0.99602,-5.9192
759_205.003276,-0.0071184,-5.7732e-16,-0.022756,0.98191,0.99602,-5.9192
658_223.963229,-0.0051792,4.885e-16,-0.015827,0.98742,0.99918,-5.9193
19_333.278904,0.0040571,-6.4779e-16,0.013883,0.98896,0.99918,-5.9193
89_283.263255,0.0037853,9.5392e-16,0.013075,0.98961,0.99918,-5.9193
332_550.607881,0.0034462,-3.2196e-16,0.011253,0.99105,0.99918,-5.9193
18_781.116176,0.0025304,2.1988e-16,0.0086715,0.99311,0.99918,-5.9194
120_221.945827,0.0025334,6.9805e-16,0.0084456,0.99329,0.99918,-5.9194
681_174.991456,0.0025028,7.5142e-16,0.0084126,0.99331,0.99918,-5.9194
647_556.274078,0.0022174,-1.3878e-18,0.0074431,0.99408,0.99918,-5.9194
20_556.274846,-0.0021706,5.2597e-16,-0.0072374,0.99425,0.99918,-5.9194
1037_317.150903,0.0019778,-5.1625e-16,0.0065921,0.99476,0.99918,-5.9194
1372_376.732178,0.0015834,-6.5503e-16,0.0052164,0.99585,0.99918,-5.9194
1051_460.987414,-0.0016328,6.8834e-16,-0.0051914,0.99587,0.99918,-5.9194
212_258.20647,-0.0012073,1.1406e-15,-0.0042257,0.99664,0.99918,-5.9194
880_204.440478,0.0012149,-6.7724e-16,0.0041703,0.99668,0.99918,-5.9194
1305_443.192596,-0.0006161,5.7732e-16,-0.0020796,0.99835,0.99952,-5.9194
100_317.283986,0.00036271,-2.3506e-16,0.0012523,0.999,0.99952,-5.9194
1426_385.147009,-0.00018318,5.3846e-16,-0.00060967,0.99952,0.99952,-5.9194
